No,KOI Code,Variation,Breeder,VariationID,BreederID,Bloodline,BloodlineID,MMYY,Sequence,Nickname,Variety ,Gender,Birth Year & Month,Age,Breeder,Purchase Date,Size (cm),updated date,update size (cm),Seller Agent,Handling Agent,Price Buy ( JPY ),Price Buy ( IDR ),Keeping Location,Link Photos,Link Video,Link Trophy,Link Certificate,Sell Price (IDR),Sell Price ( JPY),Date of Sell,Buyer Name,Date of Death,Death Note,
1,SHSOKF012300001,SHS,OKF,157,60,Isa,NULL,0123,00001,,Showa Sansoku,Unknown,Jun 2022,1,Ogata Koi Farm,Jan 2023,22,,,Pieth,,,,,SANOKF012300001.jpg,,,,,,,,,,
2,TKOOKF012300001,TKO,OKF,170,60,Sakai,NULL,0123,00001,,Tancho Kohaku,Female,Jun 2021,2,Ogata Koi Farm,Jan 2023,58,,,Pieth,,,,,TKOOKF012300001.jpg,,,,,,,,,,
3,SANOKF012300001,SAN,OKF,150,60,Isa,NULL,0123,00001,,Sanke,Unknown,Jun 2022,1,Ogata Koi Farm,Jan 2023,22,,,Pieth,,,,,TAIOKF012300001.jpg,,,,,,,,,,
4,GOOOKF012300001,GOO,OKF,73,60,Black budo,NULL,0123,00001,,Goromo,Unknown,Jun 2022,1,Ogata Koi Farm,Jan 2023,21,,,Pieth,,,,,GOOOKF012300001.jpg,,,,,,,,,,
5,KAUMOK012300001,KAU,MOK,97,47,,NULL,0123,00001,,Kohaku,Unknown,Jun 2022,1,Momotaro koi,Jan 2023,25,,,Pieth,,140000,,,KAUMOK012300002.jpg,,,,,,,,,,
6,SANMOK012300001,SAN,MOK,150,47,American Dream,17,0123,00001,,Sanke,Unknown,Jun 2022,1,Momotaro koi,Jan 2023,27,,,Pieth,,20000,,,SANMOK012300001.PNG,,,,,,,,,,
7,KAUMOK012300002,KAU,MOK,97,47,,NULL,0123,00002,,Kohaku,Unknown,,,Momotaro koi,Jan 2023,25,,,Pieth,,20000,,,KAUMOK012300002.jpg,,,,,,,,,,
8,KAUMOK012300003,KAU,MOK,97,47,,NULL,0123,00003,,Kohaku,Unknown,Jun 2022,1,Momotaro koi,Jan 2023,25,,,Pieth,,20000,,,KAUMOK012300003.PNG,,,,,,,,,,
9,KAUMOK012300004,KAU,MOK,97,47,,NULL,0123,00004,,Kohaku,Unknown,Jun 2022,1,Momotaro koi,Jan 2023,19,,,Pieth,,50000,,,KAUMOK012300004.PNG,,,,,,,,,,
10,KAUMOK012300005,KAU,MOK,97,47,,NULL,0123,00005,,Kohaku,Unknown,Jun 2022,1,Momotaro koi,Jan 2023,24,,,Pieth,,20000,,,KAUMOK012300005.PNG,,,,,,,,,,
11,SANMOK022300001,SAN,MOK,150,47,,NULL,0223,00001,,Sanke,Unknown,,,Momotaro koi,Feb 2023,,,,Pieth,,50000,,,SANMOK022300001.PNG,,,,,,,,,,
12,KAUMOK022300001,KAU,MOK,97,47,,NULL,0223,00001,,Kohaku,Unknown,,,Momotaro koi,Feb 2023,,,,Pieth,,160000,,,KAUMOK022300001.PNG,,,,,,,,,,
13,KAUMOK022300002,KAU,MOK,97,47,,NULL,0223,00002,,Kohaku,Unknown,,,Momotaro koi,Feb 2023,,,,Pieth,,100000,,,KAUMOK022300002.PNG,KAUMOK022300002.mov,,,,,,,,,
14,GKOMOK022300001,GKO,MOK,46,47,,NULL,0223,00001,,Ginrin Kohaku,Unknown,,,Momotaro koi,Feb 2023,,,,Pieth,,60000,,,GKOMOK022300001.PNG,,,,,,,,,,
15,SANMOK022300002,SAN,MOK,150,47,,NULL,0223,00002,,Sanke,Unknown,,,Momotaro koi,Feb 2023,,,,Pieth,,70000,,,SANMOK022300002.PNG,,,,,,,,,,
16,SANMOK022300003,SAN,MOK,150,47,,NULL,0223,00003,,Sanke,Unknown,,,Momotaro koi,Feb 2023,,,,Pieth,,580000,,,SANMOK022300006.PNG,,,,,,,,,,
17,GKOMOK022300002,GKO,MOK,46,47,,NULL,0223,00002,,Ginrin Kohaku,Unknown,Jun 2022,1,Momotaro koi,Feb 2023,21,,,Pieth,,90000,,,GKOMOK022300002.PNG,,,,,,,,,,
18,SANMOK022300004,SAN,MOK,150,47,,NULL,0223,00004,,Sanke,Unknown,Jun 2022,1,Momotaro koi,Feb 2023,23,,,Pieth,,60000,,,SANMOK022300004.PNG,,,,,,,,,,
19,SANMOK022300005,SAN,MOK,150,47,,NULL,0223,00005,,Sanke,Unknown,Jun 2022,1,Momotaro koi,Feb 2023,25,,,Pieth,,70000,,,SANMOK022300005.PNG,SANMOK022300005.MOV,,,,,,,,,
20,GKOMOK022300003,GKO,MOK,46,47,,NULL,0223,00003,,Ginrin Kohaku,Unknown,Jun 2022,1,Momotaro koi,Feb 2023,18,,,Pieth,,100000,,,GKOMOK022300003.PNG,GKOMOK022300003.MOV,,,,,,,,,
21,SANMOK022300005,SAN,MOK,150,47,,NULL,0223,00005,,Sanke,Unknown,Jun 2022,1,Momotaro koi,Feb 2023,22,,,Pieth,,100000,,,SANMOK022300005.jpg,SANMOK022300005.mov,,,,,,,,,
22,SANMOK022300006,SAN,MOK,150,47,,NULL,0223,00006,,Sanke,Unknown,,,Momotaro koi,Feb 2023,,,,Pieth,,,,,,SANMOK022300006.mov,,,,,,,,,
23,GKOMOK022300004,GKO,MOK,46,47,,NULL,0223,00004,,Ginrin Kohaku,Unknown,,,Momotaro koi,Feb 2023,,,,Pieth,,,,,,GKOMOK022300004.mov,,,,,,,,,
24,SANMOK022300006,SAN,MOK,150,47,,NULL,0223,00006,,Sanke,Unknown,,,Momotaro koi,Feb 2023,,,,Pieth,,,,,SANMOK022300006.PNG,TAIMOK022300002.mov,,,,,,,,,
25,SANMOK022300007,SAN,MOK,150,47,,NULL,0223,00007,,Sanke,Unknown,,,Momotaro koi,Feb 2023,,,,Pieth,,,,,,SANMOK022300007.mov,,,,,,,,,
26,GKOMOK022300005,GKO,MOK,46,47,,NULL,0223,00005,,Ginrin Kohaku,Unknown,,,Momotaro koi,Feb 2023,23,,,Pieth,,70000,,,GKOMOK022300005.PNG,GKOMOK022300004.MOV,,,,,,,,,
27,KAUMOK022300003,KAU,MOK,97,47,,NULL,0223,00003,,Kohaku,Unknown,,,Momotaro koi,Feb 2023,,,,Pieth,,,,,,KAUMOK022300003.mov,,,,,,,,,
28,TAIMOK022300001,TAI,MOK,164,47,,NULL,0223,00001,,Taisho Sanshoku,Unknown,,,Momotaro koi,Feb 2023,,,,Pieth,,,,,,TAIMOK022300001.MOV,,,,,,,,,
29,KAUMOK022300004,KAU,MOK,97,47,,NULL,0223,00004,,Kohaku,Unknown,,,Momotaro koi,Feb 2023,,,,Pieth,,,,,,KAUMOK022300004.MOV,,,,,,,,,
30,KAUMOK022300005,KAU,MOK,97,47,,NULL,0223,00005,,Kohaku,Unknown,,,Momotaro koi,Feb 2023,,,,Pieth,,,,,,KAUMOK022300005.MP4,,,,,,,,,
31,KAUMOK022300006,KAU,MOK,97,47,,NULL,0223,00006,,Kohaku,Unknown,,,Momotaro koi,Feb 2023,,,,Pieth,,,,,,KAUMOK022300006.MP4,,,,,,,,,
32,KAUISA032300001,KAU,ISA,97,16,,NULL,0323,00001,,Kohaku,Unknown,,,Isa Koi Farm,March 2023,,,,Pieth,,,,,,KAUISA032300001.MP4,,,,,,,,,
33,SHOISA032300001,SHO,ISA,155,16,,NULL,0323,00001,,Showa,Unknown,,,Isa Koi Farm,March 2023,,,,Pieth,,,,,,SHOISA032300001.MP4,,,,,,,,,
34,KIUMHI032300001,KIU,MHI,105,41,,NULL,0323,00001,,Ki Utsuri,Unknown,,,Maruhiro Koi Farm,March 2023,,,,Pieth,,,,,,KIUMHI032300001.MP4,,,,,,,,,
35,KAUSFF022300001,KAU,SFF,97,71,,NULL,0223,00001,,Kohaku,Unknown,,,Sakai Fish Farm,Feb 2023,,,,Pieth,,,,,,KAUSFF022300001.MP4,,,,,,,,,
36,KAUSFF022300002,KAU,SFF,97,71,,NULL,0223,00002,,Kohaku,Unknown,,,Sakai Fish Farm,Feb 2023,,,,Pieth,,,,,KAUSFF022300002.JPG,,,,,,,,,,
37,SANSFF022300001,SAN,SFF,150,71,,NULL,0223,00001,,Sanke,Unknown,,,Sakai Fish Farm,Feb 2023,,,,Pieth,,,,,SANSFF022300001.JPG,,,,,,,,,,
38,SANSFF022300002,SAN,SFF,150,71,,NULL,0223,00002,,Sanke,Unknown,,,Sakai Fish Farm,Feb 2023,,,,Pieth,,,,,SANSFF022300002.MP4,,,,,,,,,,
39,SANSFF012300001,SAN,SFF,150,71,Miss Rome,3,0123,00001,,Sanke,Unknown,Jun 2022,1,Sakai Fish Farm,Jan 2023,20,,,Pieth,,,,,SANSFF012300001.JPG,,,,,,,,,,
40,SANSFF012300002,SAN,SFF,150,71,Silk Sonie,4,0123,00002,,Sanke,Unknown,Jun 2022,1,Sakai Fish Farm,Jan 2023,15,,,Pieth,,50000,,,SANSFF012300002.PNG,,,,,,,,,,
41,KAUSFF012300001,KAU,SFF,97,71,Miss Monaco,5,0123,00001,,Kohaku,Unknown,Jun 2022,1,Sakai Fish Farm,Jan 2023,23-25,,,Pieth,,50000,,,KAUSFF012300001.jpg,,,,,,,,,,
42,KAUSFF012300002,KAU,SFF,97,71,Miss Monaco,5,0123,00002,,Kohaku,Unknown,Jun 2022,1,Sakai Fish Farm,Jan 2023,23-25,,,Pieth,,50000,,,KAUSFF012300002.jpg,,,,,,,,,,
43,KAUSFF012300003,KAU,SFF,97,71,Miss Monaco,5,0123,00003,,Kohaku,Unknown,Jun 2022,1,Sakai Fish Farm,Jan 2023,23-25,,,Pieth,,50000,,,KAUSFF012300003.jpg,,,,,,,,,,
44,KAUSFF012300004,KAU,SFF,97,71,Miss Monaco,5,0123,00004,,Kohaku,Unknown,Jun 2022,1,Sakai Fish Farm,Jan 2023,23-25,,,Pieth,,50000,,,KAUSFF012300004.jpg,,,,,,,,,,
45,KAUSFF012300005,KAU,SFF,97,71,Miss Monaco,5,0123,00005,,Kohaku,Unknown,Jun 2022,1,Sakai Fish Farm,Jan 2023,23-25,,,Pieth,,50000,,,KAUSFF012300005.jpg,,,,,,,,,,
46,SANSFF012300003,SAN,SFF,150,71,Miss Rome,3,0123,00003,,Sanke,Unknown,Jun 2022,1,Sakai Fish Farm,Jan 2023,19-20,,,Pieth,,50000,,,SANSFF012300003.jpg,,,,,,,,,,
47,KAUSFF012300006,KAU,SFF,97,71,Miss Rome,3,0123,00006,,Kohaku,Unknown,Jun 2022,1,Sakai Fish Farm,Jan 2023,19-20,,,Pieth,,50000,,,KAUSFF012300006.jpg,,,,,,,,,,
48,SANSFF012300004,SAN,SFF,150,71,Miss Rome,3,0123,00004,,Sanke,Unknown,Jun 2022,1,Sakai Fish Farm,Jan 2023,19-20,,,Pieth,,50000,,,SANSFF012300004.jpg,,,,,,,,,,
49,SANSFF012300005,SAN,SFF,150,71,Miss Rome,3,0123,00005,,Sanke,Unknown,Jun 2022,1,Sakai Fish Farm,Jan 2023,19-20,,,Pieth,,50000,,,SANSFF012300005.jpg,,,,,,,,,,
50,SANSFF012300006,SAN,SFF,150,71,Miss Rome,3,0123,00006,,Sanke,Unknown,Jun 2022,1,Sakai Fish Farm,Jan 2023,19-20,,,Pieth,,50000,,,SANSFF012300006.jpg,,,,,,,,,,
51,KAUSFF012300007,KAU,SFF,97,71,Sade,NULL,0123,00007,,Kohaku,Unknown,Jun 2022,1,Sakai Fish Farm,Jan 2023,19-19,,,Pieth,,,,,KAUSFF012300007.jpg,,,,,,,,,,
52,KAUSFF012300008,KAU,SFF,97,71,Sade,NULL,0123,00008,,Kohaku,Unknown,Jun 2022,1,Sakai Fish Farm,Jan 2023,19-19,,,Pieth,,,,,KAUSFF012300008.jpg,,,,,,,,,,
53,KAUSFF012300009,KAU,SFF,97,71,Sade,NULL,0123,00009,,Kohaku,Unknown,Jun 2022,1,Sakai Fish Farm,Jan 2023,19-19,,,Pieth,,,,,KAUSFF012300009.jpg,,,,,,,,,,
54,KAUSFF012300010,KAU,SFF,97,71,Sade,NULL,0123,00010,,Kohaku,Unknown,Jun 2022,1,Sakai Fish Farm,Jan 2023,19-19,,,Pieth,,,,,KAUSFF012300010.jpg,,,,,,,,,,
55,KAUSFF012300011,KAU,SFF,97,71,Sade,NULL,0123,00011,,Kohaku,Unknown,Jun 2022,1,Sakai Fish Farm,Jan 2023,19-19,,,Pieth,,,,,KAUSFF012300011.jpg,,,,,,,,,,
56,TAISFF012300001,TAI,SFF,164,71,Lily,7,0123,00001,,Taisho Sanshoku,Unknown,Jun 2022,1,Sakai Fish Farm,Jan 2023,20-21,,,Pieth,,,,,TAISFF012300001.jpg,,,,,,,,,,
57,SANSFF012300007,SAN,SFF,150,71,Lily,7,0123,00007,,Sanke,Unknown,Jun 2022,1,Sakai Fish Farm,Jan 2023,20-21,,,Pieth,,,,,SANSFF012300007.jpg,,,,,,,,,,
58,TSASFF012300001,TSA,SFF,173,71,Lily,7,0123,00001,,Tancho Sanke,Unknown,Jun 2022,1,Sakai Fish Farm,Jan 2023,20-21,,,Pieth,,,,,TSASFF012300001.jpg,,,,,,,,,,
59,TSASFF012300002,TSA,SFF,173,71,Lily,7,0123,00002,,Tancho Sanke,Unknown,Jun 2022,1,Sakai Fish Farm,Jan 2023,20-21,,,Pieth,,,,,TSASFF012300002.jpg,,,,,,,,,,
60,TSASFF012300003,TSA,SFF,173,71,Lily,7,0123,00003,,Tancho Sanke,Unknown,Jun 2022,1,Sakai Fish Farm,Jan 2023,20-21,,,Pieth,,,,,TSASFF012300003.jpg,,,,,,,,,,
61,SANSFF012300001,SAN,SFF,150,71,Amethyst,8,0123,00001,,Sanke,Unknown,Jun 2022,1,Sakai Fish Farm,Jan 2023,18-21,,,Pieth,,,,,SANSFF012300001.jpg,,,,,,,,,,
62,SANSFF012300002,SAN,SFF,150,71,Amethyst,8,0123,00002,,Sanke,Unknown,Jun 2022,1,Sakai Fish Farm,Jan 2023,18-21,,,Pieth,,,,,SANSFF012300002.jpg,,,,,,,,,,
63,SANSFF012300003,SAN,SFF,150,71,Amethyst,8,0123,00003,,Sanke,Unknown,Jun 2022,1,Sakai Fish Farm,Jan 2023,18-21,,,Pieth,,,,,SANSFF012300003.jpg,,,,,,,,,,
64,SANSFF012300004,SAN,SFF,150,71,Amethyst,8,0123,00004,,Sanke,Unknown,Jun 2022,1,Sakai Fish Farm,Jan 2023,18-21,,,Pieth,,,,,SANSFF012300004.jpg,,,,,,,,,,
65,SANSFF012300005,SAN,SFF,150,71,Amethyst,8,0123,00005,,Sanke,Unknown,Jun 2022,1,Sakai Fish Farm,Jan 2023,18-21,,,Pieth,,,,,SANSFF012300005.jpg,,,,,,,,,,
66,CHAKOP122200001,CHA,KOP,16,92,,NULL,1222,00001,,Chagoi,Female,Jun2018,4,Koi Palace,Dec 2022,88,,,Koi Palace,,,65000000,Duta Mas Jakarta,CHAKOP122200001.jpg,CHAKOP122200001.mp4,,,,,,,,,
67,GSWHIF122200001,GSW,HIF,64,8,,NULL,1222,00001,,Ginrin Showa,Female,Jun 2019,3,Hiroi Koi Farm,Dec 2022,70,,,Koi Palace,,,49700000,Duta Mas Jakarta,GSWHIF122200001.jpg,GSWHIF122200001.mp4,,,,,,,,,
68,KAUHKF112200001,KAU,HKF,97,10,,NULL,1122,00001,,Kohaku,Female,Jun 2018,4,Hoshikin Koi farma,Nov 2022,72,,,Koi Palace,,,147662000,Duta Mas Jakarta,KAUHKF112200001.jpg,KAUHKF112200001.mp4,,,,,,,,,
69,TSHISA122200001,TSH,ISA,175,16,,NULL,1222,00001,,Tancho Showa,Female,Jun 2019,3,ISA koi Farm,Dec 2022,67,,,Koi Palace,,500000,,Duta Mas Jakarta,TSHISA122200001.jpg,TSHISA122200001.mp4,,,,,,,,,
70,GCHKOP122200001,GCH,KOP,41,92,,NULL,1222,00001,,Ginrin Chagoi,Female,Jun 2018,4,Koi Palace,Dec 2022,72,,,Koi Palace,,,45000000,Duta Mas Jakarta,GCHKOP122200001.jpg,GCHKOP122200001.mp4,,,,,,,,,
71,GOAHIF122200001,GOA,HIF,55,8,,NULL,1222,00001,,Ginrin Ochiba,Female,Jun 2019,3,HIROI KOI FARM,Dec 2022,68,,,Koi Palace,,,49700000,Duta Mas Jakarta,GOAHIF122200001.jpg,GOAHIF122200001.mp4,,,,,,,,,
72,KIUMHI122200001,KIU,MHI,105,41,,NULL,1222,00001,,Ki Utsuri,Female,Jun 2018,4,Maruhiro Koi Farm,Dec 2022,79,,,Koi Palace,,,77166667,Duta Mas Jakarta,KIUMHI122200001.jpg,KIUMHI122200001.mp4,,,,,,,,,
73,KAUMOK122200001,KAU,MOK,97,47,,NULL,1222,00001,,Kohaku,Male,Jun 2018,4,Momotaro Koi ,Dec 2022,71,,,Koi Palace,,,53040000,Duta Mas Jakarta,KAUMOK122200001.jpg,KAUMOK122200001.mp4,,,,,,,,,
74,GKOMHI122200001,GKO,MHI,46,41,,NULL,1222,00001,,Ginrin Kohaku,Male,Jun 2018,4,Maruhiro Koi Farm,Dec 2022,74,,,Koi Palace,,,77166667,Duta Mas Jakarta,GKOMHI122200001.jpg,GKOMHI122200001.mp4,,,,,,,,,
75,GSHOMF112200001,GSH,OMF,35,61,,NULL,1122,00001,,Ginrin Shiro,Female,Jun 2019,3,Omosako Koi Farm,Nov 2022,63,,,Koi Palace,,,35000000,Duta Mas Jakarta,GSHOMF112200001.jpg,GSHOMF112200001.mp4,,,,,,,,,
76,TANMOK122200001,TAN,MOK,165,47,,NULL,1222,00001,,Tancho,Female,Jun 2018,4,Momotaro Koi ,Dec 2022,75,,,Koi Palace,,,67000000,Duta Mas Jakarta,TANMOK122200001.jpg,TANMOK122200001.mp4,,,,,,,,,
77,TSHMRS122200001,TSH,MRS,175,48,,NULL,1222,00001,,Tancho Showa,Female,Jun 2019,3,Marusaka Koi Farm,Dec 2022,75,,,Koi Palace,,,90950000,Duta Mas Jakarta,TSHMRS122200001.jpg,TSHMRS122200001.mp4,,,,,,,,,
78,KAUMAY122200001,KAU,MAY,97,38,,NULL,1222,00001,,Kohaku,Female,Jun 2019,3,Maruyama Koi Fam,Dec 2022,66,,,Koi Palace,,,73500000,Duta Mas Jakarta,KAUMAY122200001.jpg,KAUMAY122200001.mp4,,,,,,,,,
79,TSHMRS122200002,TSH,MRS,175,48,,NULL,1222,00002,,Tancho Showa,Female,Jun 2019,3,Marusaka Koi Farm,Dec 2022,75,,,Koi Palace,,,90950000,Duta Mas Jakarta,TSHMRS122200002.jpg,TSHMRS122200002.mp4,,,,,,,,,
80,SHUKAW112200001,SHU,KAW,159,21,,NULL,1122,00001,,Shusui,Female,Jun 2019,3,Kawakami Koi Farm,Nov 2022,68,,,Koi Palace,,,60000000,Duta Mas Jakarta,SHUKAW112200001.jpg,SHUKAW112200001.mp4,,,,,,,,,
81,TSHMHD122200001,TSH,MHD,175,40,,NULL,1222,00001,,Tancho Showa,Male,Jun 2019,3,Maruhiro Koi Farm,Dec 2022,61,,,Koi Palace,,,77166667,Duta Mas Jakarta,TSHMHD122200001.jpg,TSHMHD122200001.mp4,,,,,,,,,
82,TSAJDK022300001,TSA,JDK,173,92,,NULL,0223,00001,,Tancho Sanke,Male,Jun 2018,3,JDKC Farm,Feb 2023,64,,,Pieth,,,15000000,Duta Mas Jakarta,TSAJDK022300001.jpg,TSAJDK022300001.mp4,,,,,,,,,
83,GSHOMF122200001,GSH,OMF,35,61,,NULL,1222,00001,,Ginrin Shiro,Male,Jun 2019,3,Omosako Koi Farm,Dec 2022,55,,,Sumo Koi Farm,,,20000000,Duta Mas Jakarta,GSHOMF122200001.jpg,GSHOMF122200001.mp4,,,,,,,,,
84,GKAOYF022300001,GKA,OYF,49,65,,NULL,0223,00001,,Ginrin Kawari,Male,Jun 2020,3,Oyama Koi Farm,Feb 2023,60,,,Pieth,,500000,,Duta Mas Jakarta,GKAOYF022300001.jpg,GKAOYF022300001.mp4,,,,,,,,,
85,BGIMHD122200001,BGI,MHD,9,40,,NULL,1222,00001,,Beni Ginga,Male,Jun 2019,3,Maruhiro Koi Farm,Dec 2022,63,,,Koi Palace,,,14500000,Duta Mas Jakarta,BGIMHD122200001.jpg,BGIMHD122200001.mp4,,,,,,,,,
86,MUOMHD122200001,MUO,MHD,135,40,,NULL,1222,00001,,Mukassi Ogon,Female,Jun 2019,3,Maruhiro Koi Farm,Dec 2022,65,,,Koi Palace,,,19950000,Duta Mas Jakarta,MUOMHD122200001.jpg,MUOMHD122200001.mp4,,,,,,,,,
87,GSWHIF000000001,GSW,HIF,64,8,,NULL,0000,00001,,Ginrin Showa,Female,,3,Hiroi Koi Farm,,71,,,Koi Palace,,,49700000,Duta Mas Jakarta,GSWHIF000000001.jpg,GSWHIF000000001.mp4,,,,,,,,,
88,KRHMAR112200001,KRH,MAR,92,37,,NULL,1122,00001,,Karashi,Female,Jun 2019,3,Marudo Koi Farm,Nov 2022,65,,,Koi Palace,,,45000000,Duta Mas Jakarta,KRHMAR112200001.jpg,KRHMAR112200001.mp4,,,,,,,,,
89,GSWYKF112200001,GSW,YKF,64,88,,NULL,1122,00001,,Ginrin Showa,Female,Jun 2019,3,Yagenji Koi Farm,Nov 2022,70,,,Koi Palace,,,29500000,Duta Mas Jakarta,GSWYKF112200001.jpg,GSWYKF112200001.mp4,,,,,,,,,
90,GASXXX000000001,GAS,XXX,36,NULL,,NULL,0000,00001,,Ginrin Asagi,Female,,3,,,72,,,Koi Palace,,,,Duta Mas Jakarta,GASXXX000000001.jpg,GASXXX000000001.mp4,,,,,,,,,
91,BENXXX000000001,BEN,XXX,7,NULL,,NULL,0000,00001,,Benigoi,Female,,3,,,68,,,Koi Palace,,,,Duta Mas Jakarta,BENXXX000000001.jpg,BENXXX000000001.mp4,,,,,,,,,
92,GSWHIF122200002,GSW,HIF,64,8,,NULL,1222,00002,,Ginrin Showa,Female,Jun 2019,3,Hiroi Koi Farm,Dec 2022,29,,,Koi Palace,,,49700000,Duta Mas Jakarta,GSWHIF122200002.jpg,GSWHIF122200002.mp4,,,,,,,,,
93,GSHOMF122200001,GSH,OMF,35,61,,NULL,1222,00001,,Gin Shiro,Female,,3,Omosako Koi Farm,,67,,,Koi Palace,,,35000000,Duta Mas Jakarta,GSHOMF122200001.jpg,GSHOMF122200001.mp4,,,,,,,,,
94,SANTAM122200001,SAN,TAM,150,79,,NULL,1222,00001,,Sanke,Female,Jun 2019,3,Tamaura Fish Farm,Dec 2022,70,,,Koi Palace,,,73500000,Duta Mas Jakarta,SANTAM122200001.jpg,SANTAM122200001.mp4,,,,,,,,,
95,KAUMOK112200001,KAU,MOK,97,47,,NULL,1122,00001,,Kohaku,Female,Jun 2018,3,Momotaro Koi,Nov 2022,74,,,Koi Palace,,,53040000,Duta Mas Jakarta,KAUMOK112200001.jpg,KAUMOK112200001.mp4,,,,,,,,,
96,CHAMAR112200001,CHA,MAR,16,37,,NULL,1122,00001,,Chagoi,Female,Jun 2018,4,Marudo Koi Farm,Nov 2022,75,,,Koi Palace,,,45000000,Duta Mas Jakarta,CHAMAR112200001.jpg,CHAMAR112200001.mp4,,,,,,,,,
97,CHAMAR122200001,CHA,MAR,16,37,,NULL,1222,00001,,Chagoi,Female,Jun 2018,4,Marudo Koi Farm,Dec 2022,82,,,Koi Palace,,,186400000,Duta Mas Jakarta,CHAMAR122200001.jpg,CHAMAR122200001.mp4,,,,,,,,,
98,YOGIZU112200001,YOG,IZU,176,18,,NULL,1122,00001,,Yamabuki Ogon,Female,Jun 2018,4,Izumiya,Nov 2022,83,,,Koi Palace,,,55000000,Duta Mas Jakarta,YOGIZU112200001.jpg,YOGIZU112200001.mp4,,,,,,,,,
99,MUOXXX000000001,MUO,XXX,135,NULL,,NULL,0000,00001,,Mukashi Ogon,Male,,3,,,66,,,Koi Palace,,,,Duta Mas Jakarta,MUOXXX000000001.jpg,MUOXXX000000001.mp4,,,,,,,,,
100,SHUXXX000000001,SHU,XXX,159,NULL,,NULL,0000,00001,,Shusui,Female,,3,,,65,,,Koi Palace,,,,Duta Mas Jakarta,SHUXXX000000001.jpg,SHUXXX000000001.mp4,,,,,,,,,
101,KUAXXX000000001,KUA,XXX,122,NULL,,NULL,0000,00001,,Kujaku,Female,,4,,,75,,,Koi Palace,,,,Duta Mas Jakarta,KUAXXX000000001.jpg,KUAXXX000000001.mp4,,,,,,,,,
102,SHUMSE122200001,SHU,MSE,159,50,,NULL,1222,00001,,Shusui,Male,Jun 2019,3,Marusei Koi Farm,Dec 2022,66,,,Koi Palace,,,66200000,Duta Mas Jakarta,SHUMSE122200001.jpg,SHUMSE122200001.mp4,,,,,,,,,
103,MUOMHI112200001,MUO,MHI,135,41,,NULL,1122,00001,,Mukashi Ogon,Female,Jun 2018,4,Maruhiro Koi Farm,Nov 2022,78,,,Koi Palace,,,19950000,Duta Mas Jakarta,MUOMHI112200001.jpg,MUOMHI112200001.mp4,,,,,,,,,
104,HUIMHI122200001,HUI,MHI,80,41,,NULL,1222,00001,,Hiutsuri,Female,Jun 2018,4,Maruhiro Koi Farm,Dec 2022,80,,,Koi Palace,,,77166667,Duta Mas Jakarta,HUIMHI122200001.jpg,HUIMHI122200001.mp4,,,,,,,,,
105,OCHHIF122200001,OCH,HIF,137,8,,NULL,1222,00001,,Ochiba,Female,Jun 2019,3,Hiroi Koi Farm,Dec 2022,68,,,Koi Palace,,,49700000,Duta Mas Jakarta,OCHHIF122200001.jpg,OCHHIF122200001.mp4,,,,,,,,,
106,XXXXXX000000001,XXX,XXX,179,NULL,,NULL,0000,00001,,Aragoke Mukasi,Female,,3,,,66,,,Koi Palace,,,,Duta Mas Jakarta,XXXXXX000000001.jpg,XXXXXX000000001.mp4,,,,,,,,,
107,OCHHIF122200002,OCH,HIF,137,8,,NULL,1222,00002,,Ochiba,Female,Jun 2018,4,Hiroi Koi Farm,Dec 2022,73,,,Koi Palace,,,49700000,Duta Mas Jakarta,OCHHIF122200002.jpg,OCHHIF122200002.mp4,,,,,,,,,
108,HUIMHI122200001,HUI,MHI,80,41,,NULL,1222,00001,,Hiutsuri,Male,Jun 2019,3,Maruhiro Koi Farm,Dec 2022,64,,,Koi Palace,,,77166667,Duta Mas Jakarta,HUIMHI122200001.jpg,HUIMHI122200001.mp4,,,,,,,,,
109,GSWHIF000000001,GSW,HIF,64,8,,NULL,0000,00001,,Ginrin Showa,Female,Jun 2019,4,Hiroi Koi Farm,Dec 2022,73,,,Koi Palace,,,49700000,Duta Mas Jakarta,GSWHIF000000001.jpg,GSWHIF000000001.mp4,,,,,,,,,
110,KMAMHI122200001,KMA,MHI,104,41,,NULL,1222,00001,,Ki Matsuba,Female,Jun 2018,4,Maruhiro Koi Farm,Dec 2022,86,,,Koi Palace,,,77166667,Duta Mas Jakarta,KMAMHI122200001.jpg,KMAMHI122200001.mp4,,,,,,,,,
111,TANMHD122200001,TAN,MHD,165,40,,NULL,1222,00001,,Tancho,Male,Jun 2019,3,Maruhide koi Farm,Dec 2022,70,,,Koi Palace,,,37950000,Duta Mas Jakarta,TANMHD122200001.jpg,TANMHD122200001.mp4,,,,,,,,,
112,SHOHKF122200001,SHO,HKF,155,10,,NULL,1222,00001,,Showa,Female,Jun 2019,3,Hoshikin Koi Farm,Dec 2022,65,,,Koi Palace,,,95900000,Duta Mas Jakarta,SHOHKF122200001.jpg,SHOHKF122200001.mp4,,,,,,,,,
113,BKIMRS112200001,BKI,MRS,12,48,,NULL,1122,00001,,Beni Kikokuryu,Male,Jun 2019,3,Marusaka Koi Farm,Nov 2022,65,,,Koi Palace,,,54520000,Duta Mas Jakarta,BKIMRS112200001.jpg,BKIMRS112200001.mp4,,,,,,,,,
114,KKAMRS122200001,KKA,MRS,107,48,,NULL,1222,00001,,Kin Kabuto,Female,Jun 2019,3,Maruse koi farm,Dec2022,63,,,Koi Palace,,,59800000,Duta Mas Jakarta,KKAMRS122200001.jpg,KKAMRS122200001.mp4,,,,,,,,,
115,TSHMRS122200001,TSH,MRS,175,48,,NULL,1222,00001,,Tancho Showa,Female,Jun 2018,4,Marusaka koi Farm,Dec 2022,72,,,Koi Palace,,,90950000,Duta Mas Jakarta,TSHMRS122200001.jpg,TSHMRS122200001.mp4,,,,,,,,,
116,AMAXXX000000001,AMA,XXX,3,NULL,,NULL,0000,00001,,Aka Matsuba,Female,,3,,,65,,,Koi Palace,,,,Duta Mas Jakarta,AMAXXX000000001.jpg,AMAXXX000000001.mp4,,,,,,,,,
117,ASIYKF112200001,ASI,YKF,1,88,,NULL,1122,00001,,Asagi,Female,Jun 2018,4,Yagenzi Koi Farm,Nov 2022,77,,,Koi Palace,,,51775000,Duta Mas Jakarta,ASIYKF112200001.jpg,ASIYKF112200001.mp4,,,,,,,,,
118,KMTMSE122200001,KMT,MSE,111,50,,NULL,1222,00001,,Kin Matsuba,Female,Jun 2018,4,Marusei Koi Farm,Dec 2022,73,,,Koi Palace,,,66200000,Duta Mas Jakarta,KMTMSE122200001.jpg,KMTMSE122200001.mp4,,,,,,,,,
119,KAUHKF122200001,KAU,HKF,97,10,,NULL,1222,00001,,Kohaku,Female,Jun 2019,3,Hoshikin Koi Farm,Dec 2022,68,,,Koi Palace,,,95900000,Duta Mas Jakarta,KAUHKF122200001.jpg,KAUHKF122200001.mp4,,,,,,,,,
120,GSWXXX000000001,GSW,XXX,64,NULL,,NULL,0000,00001,,Ginrin Showa,Female,,4,,,70,,,Koi Palace,,,,Duta Mas Jakarta,GSWXXX000000001.jpg,GSWXXX000000001.mp4,,,,,,,,,
121,DKOXXX000000001,DKO,XXX,20,NULL,,NULL,0000,00001,,Doitsu Kohaku,Female,,3,,,58,,,Koi Palace,,,,Duta Mas Jakarta,DKOXXX000000001.jpg,DKOXXX000000001.mp4,,,,,,,,,
122,DKOSHK122200001,DKO,SHK,20,72,,NULL,1222,00001,,Doitsu Kohaku,Female,Jun 2019,3,Shinoda Koi Farm,Dec 2022,64,,,Koi Palace,,,4500000,Duta Mas Jakarta,DKOSHK122200001.jpg,DKOSHK122200001.mp4,,,,,,,,,
123,KAUTRZ122200001,KAU,TRZ,97,91,,NULL,1222,00001,,Kohaku,Female,Jun 2019,3,Torazo,Dec 2022,63,,,Koi Palace,,,53200000,Duta Mas Jakarta,KAUTRZ122200001.jpg,KAUTRZ122200001.mp4,,,,,,,,,
124,BBBMSE122200001,BBB,MSE,4,50,,NULL,1222,00001,,Bekko,Female,Jun 2019,3,Marusei Koi Farm,Dec 2022,68,,,Koi Palace,,,47500000,Duta Mas Jakarta,BBBMSE122200001.jpg,BBBMSE122200001.mp4,,,,,,,,,
125,KUAXXX000000002,KUA,XXX,122,NULL,,NULL,0000,00002,,Kujaku,Male,,3,,,63,,,Koi Palace,,,,Duta Mas Jakarta,KUAXXX000000002.jpg,KUAXXX000000002.mp4,,,,,,,,,
126,DSASHK122200001,DSA,SHK,30,72,,NULL,1222,00001,,Doitsu Sanke,Female,Jun 2019,3,Shinoda Koi Farm,Dec 2022,62,,,Koi Palace,,,53000000,Duta Mas Jakarta,DSASHK122200001.jpg,DSASHK122200001.mp4,,,,,,,,,
127,GSWHIF122200003,GSW,HIF,64,8,,NULL,1222,00003,,Ginrin Showa,Female,Jun 2019,3,Hiroi Koi Farm,Dec 2022,62,,,Koi Palace,,,49700000,Duta Mas Jakarta,GSWHIF122200003.jpg,GSWHIF122200003.mp4,,,,,,,,,
128,OGOXXX000000001,OGO,XXX,139,NULL,,NULL,0000,00001,,Ogon,Male,,3,,,69,,,Koi Palace,,,,Duta Mas Jakarta,OGOXXX000000001.jpg,OGOXXX000000001.mp4,,,,,,,,,
129,KUAXXX000000001,KUA,XXX,122,NULL,,NULL,0000,00001,,Kujaku,Male,,3,,,59,,,Koi Palace,,,,Duta Mas Jakarta,KUAXXX062200001.jpg,KUAXXX062200001.mp4,,,,,,,,,
130,XXXXXX000000002,XXX,XXX,179,NULL,,NULL,0000,00002,,Ayawakaba,Female,,3,,,62,,,Koi Palace,,,,Duta Mas Jakarta,XXXXXX000000002.jpg,XXXXXX000000002.mp4,,,,,,,,,
131,KKAXXX000000001,KKA,XXX,107,NULL,,NULL,0000,00001,,Kin Kabuto,Male,,3,,,67,,,Koi Palace,,,,Duta Mas Jakarta,KKAXXX000000001.jpg,KKAXXX000000001.mp4,,,,,,,,,
132,TSAXXX000000001,TSA,XXX,173,NULL,,NULL,0000,00001,,Tancho Sanke,Female,,3,,,50,,,Koi Palace,,,,Duta Mas Jakarta,TSAXXX000000001.jpg,TSAXXX000000001.mp4,,,,,,,,,
133,TKOMHD112200001,TKO,MHD,170,40,,NULL,1122,00001,,Tancho Kohaku,Male,Jun 2019,3,Maruhide Koi Farm,Nov 2022,51,,,Koi Palace,,,37950000,Duta Mas Jakarta,TKOMHD112200001.jpg,TKOMHD112200001.mp4,,,,,,,,,
134,TSHMRS122200001,TSH,MRS,175,48,,NULL,1222,00001,,Tancho Showa,Male,Jun 2019,3,Marusaka Koi Farm,Dec 2022,54,,,Koi Palace,,,90950000,Duta Mas Jakarta,TSHMRS112200001.jpg,TSHMRS122200001.mp4,,,,,,,,,
135,TKOMOK112200001,TKO,MOK,170,47,,NULL,1122,00001,,Tancho Kohaku,Male,Jun 2019,3,Momotaro Koi,Nov 2022,62,,,Koi Palace,,,67000000,Duta Mas Jakarta,TKOMOK112200001.jpg,TKOMOK112200001.mp4,,,,,,,,,
136,SHOHIF122200001,SHO,HIF,155,8,,NULL,1222,00001,,Showa,Male,Jun 2019,3,Hiroi Koi Farm,Dec 2022,53,,,Koi Palace,,,49700000,Duta Mas Jakarta,SHOHIF122200001.jpg,SHOHIF122200001.mp4,,,,,,,,,
137,GKOMOK012300001,GKO,MOK,46,47,,NULL,0123,00001,,Ginrin Kohaku,Female,,3,Momotaro Koi,Jan 2023,53,,,Koi Palace,,50000,,Duta Mas Jakarta,GKOMOK012300001.jpg,GKOMOK012300001.mp4,,,,,,,,,
138,SHOHKF122200001,SHO,HKF,155,10,,NULL,1222,00001,,Showa,Male,Jun 2019,3,Hoshikin Koi Farm,Dec 2022,47,,,Koi Palace,,,95900000,Duta Mas Jakarta,SHOHKF122200001.jpg,SHOHKF122200001.mp4,,,,,,,,,
139,KAUXXX000000001,KAU,XXX,97,NULL,,NULL,0000,00001,,Kohaku,Female,,2,,,57,,,Koi Palace,,,,Duta Mas Jakarta,KAUXXX000000001.jpg,KAUXXX000000001.mp4,,,,,,,,,
140,SHOHKF122200002,SHO,HKF,155,10,,NULL,1222,00002,,Showa,Male,Jun 2019,3,Hoshikin Koi Farm,Dec 2022,52,,,Koi Palace,,,95900000,Duta Mas Jakarta,SHOHKF122200002.jpg,SHOHKF122200002.mp4,,,,,,,,,https://drive.google.com/file/d/1ptBrqqR44p8vVftRVNKmUtk2KTwmHo5r/view?usp=drive_link
141,SHOXXX000000001,SHO,XXX,155,NULL,,NULL,0000,00001,,Showa,Male,,3,,,54,,,Koi Palace,,,,Duta Mas Jakarta,SHOXXX000000001.jpg,SHOXXX000000001.mp4,,,,,,,,,https://drive.google.com/file/d/1Cil0uJ4dl13DyNd4oTPa_LV8FfYSJgue/view?usp=drive_link
142,SHOXXX000000002,SHO,XXX,155,NULL,,NULL,0000,00002,,Showa,Male,,3,,,42,,,Koi Palace,,,,Duta Mas Jakarta,SHOXXX000000002.jpg,SHOXXX000000002.mp4,,,,,,,,,
143,KAUHKF122200001,KAU,HKF,97,10,,NULL,1222,00001,,Kohaku,Male,Jun 2019,3,Hoshikin Koi Farm,Dec 2022,52,,,Koi Palace,,,95900000,Duta Mas Jakarta,KAUHKF122200001.jpg,KAUHKF122200001.mp4,,,,,,,,,https://drive.google.com/file/d/1ntEVaEIpPntaWOZfS_jivnDjSHs7MEyC/view?usp=drive_link
144,TKOMHD112200002,TKO,MHD,170,40,,NULL,1122,00002,,Tancho Kohaku,Male,Jun 2019,3,Maruhide Koi Farm,Nov 2022,56,,,Koi Palace,,,37950000,Duta Mas Jakarta,TKOMHD112200002.jpg,TKOMHD112200002.mp4,,,,,,,,,
145,SANTAM122200001,SAN,TAM,150,79,,NULL,1222,00001,,Sanke,Male,Jun 2019,3,Tamaura Fish Farm,Dec 2022,47,,,Koi Palace,,,73500000,Duta Mas Jakarta,SANTAM122200001.jpg,SANTAM122200001.mp4,,,,,,,,,https://drive.google.com/file/d/1MfGErFm5-pI_GE_-TfGwzH5ypFSThpIn/view?usp=drive_link
146,SANXXX000000001,SAN,XXX,150,NULL,,NULL,0000,00001,,Sanke,Female,,3,,,50,,,Koi Palace,,,,Duta Mas Jakarta,SANXXX000000001.jpg,SANXXX000000001.mp4,,,,,,,,,
147,SANXXX000000002,SAN,XXX,150,NULL,,NULL,0000,00002,,Sanke,Male,,3,,,54,,,Koi Palace,,,,Duta Mas Jakarta,SANXXX000000002.jpg,SANXXX000000002.mp4,,,,,,,,,
148,SHOXXX000000003,SHO,XXX,155,NULL,,NULL,0000,00003,,Showa,Male,,3,,,57,,,Koi Palace,,,,Duta Mas Jakarta,SHOXXX000000003.jpg,SHOXXX000000003.mp4,,,,,,,,,
149,GKOMHI122200001,GKO,MHI,46,41,,NULL,1222,00001,,Ginrin Kohaku,Male,,3,Maruhiro Koi Farm,,54,,,Koi Palace,,,77166667,Duta Mas Jakarta,GKOMHI122200001.jpg,GKOMHI122200001.mp4,,,,,,,,,
150,SHOXXX000000004,SHO,XXX,155,NULL,,NULL,0000,00004,,Showa,Male,,3,,,53,,,Koi Palace,,,,Duta Mas Jakarta,SHOXXX000000004.jpg,SHOXXX000000004.mp4,,,,,,,,,
151,SUTOMF112200001,SUT,OMF,153,61,,NULL,1122,00001,,Shiroutsuri,Male,Jun 2019,3,Omosako Koi Farm,Nov 2022,48,,,Koi Palace,,,35000000,Duta Mas Jakarta,SUTOMF112200001.jpg,SUTOMF112200001.mp4,,,,,,,,,
152,SHOXXX000000005,SHO,XXX,155,NULL,,NULL,0000,00005,,Showa,Male,,,,,59,,,Koi Palace,,,,Duta Mas Jakarta,SHOXXX000000005.jpg,SHOXXX000000005.mp4,,,,,,,,,
153,SHOXXX000000006,SHO,XXX,155,NULL,,NULL,0000,00006,,Showa,Male,,3,,,62,,,Koi Palace,,,,Duta Mas Jakarta,SHOXXX000000006.jpg,SHOXXX000000006.mp4,,,,,,,,,
154,TSHMRS122200001,TSH,MRS,175,48,,NULL,1222,00001,,Tancho Showa,Male,Jun 2019,3,Marusaka Koi Farm,Dec 2022,56,,,Koi Palace,,,90950000,Duta Mas Jakarta,TSHMRS122200001.jpg,TSHMRS122200001.mp4,,,,,,,,,
155,TSHXXX000000001,TSH,XXX,175,NULL,,NULL,0000,00001,,Tancho Sanke,Male,,3,,,55,,,Koi Palace,,,,Duta Mas Jakarta,TSHXXX000000001.jpg,TSHXXX000000001.mp4,,,,,,,,,
156,SANXXX000000003,SAN,XXX,150,NULL,,NULL,0000,00003,,Sanke,Male,,3,,,52,,,Koi Palace,,,,Duta Mas Jakarta,SANXXX000000003.jpg,SANXXX000000003.mp4,,,,,,,,,
157,TSAXXX000000002,TSA,XXX,173,NULL,,NULL,0000,00002,,Tancho Sanke,Female,,3,,,51,,,Koi Palace,,,,Duta Mas Jakarta,TSAXXX000000002.jpg,TSAXXX000000002.mp4,,,,,,,,,https://drive.google.com/file/d/16YyOMTx4wtUe82zpa68eqhgOMx-NmHXZ/view?usp=drive_link
158,KAUXXX000000002,KAU,XXX,97,NULL,,NULL,0000,00002,,Kohaku,Male,,3,,,55,,,Koi Palace,,,,Duta Mas Jakarta,KAUXXX000000002.jpg,KAUXXX000000002.mp4,,,,,,,,,https://drive.google.com/file/d/1-lc-RiZ4UAPkhGVvDhbnjtfSOjn5_zzi/view?usp=drive_link
159,MUOMHI112200001,MUO,MHI,135,41,,NULL,1122,00001,,Mukashi Ogon,Male,Jun 2019,3,Maruhiro Koi Farm,Nov 2022,55,,,Koi Palace,,,19950000,Duta Mas Jakarta,MUOMHI112200001.jpg,MUOMHI112200001.mp4,,,,,,,,,
160,SHOXXX000000007,SHO,XXX,155,NULL,,NULL,0000,00007,,Showa,Male,,3,,,47,,,Koi Palace,,,,Duta Mas Jakarta,SHOXXX000000007.jpg,SHOXXX000000007.mp4,,,,,,,,,
161,SHOXXX000000008,SHO,XXX,155,NULL,,NULL,0000,00008,,Showa,Female,,3,,,58,,,Koi Palace,,,,Duta Mas Jakarta,SHOXXX000000008.jpg,SHOXXX000000008.mp4,,,,,,,,,
162,SANXXX000000004,SAN,XXX,150,NULL,,NULL,0000,00004,,Sanke,Male,,3,,,51,,,Koi Palace,,,,Duta Mas Jakarta,SANXXX000000004.jpg,SANXXX000000004.mp4,,,,,,,,,
163,SHOXXX000000009,SHO,XXX,155,NULL,,NULL,0000,00009,,Showa,Male,,3,,,53,,,Koi Palace,,,,Duta Mas Jakarta,SHOXXX000000009.jpg,SHOXXX000000009.mp4,,,,,,,,,
164,KAUSHK102200001,KAU,SHK,97,72,,NULL,1022,00001,,Kohaku,Male,Jun 2019,3,Shinoda koi Farm,Oct 2022,56,,,Koi Palace,,,4500000,Duta Mas Jakarta,KAUSHK102200001.jpg,KAUSHK102200001.mp4,,,,,,,,,
165,SHUXXX000000001,SHU,XXX,159,NULL,,NULL,0000,00001,,Shusui,Male,,3,,,57,,,Koi Palace,,,,Duta Mas Jakarta,SHUXXX000000001.jpg,SHUXXX000000001.mp4,,,,,,,,,
166,SHOHKF122200003,SHO,HKF,155,10,,NULL,1222,00003,,Showa,Male,Jun 2019,3,Hoshikin Koi Farm,Dec 2022,52,,,Koi Palace,,,95900000,Duta Mas Jakarta,SHOHKF122200003.jpg,SHOHKF122200003.mp4,,,,,,,,,https://drive.google.com/file/d/1_EtCOmyRueF48Z-Z8VZ2o8HPmRP59Wb2/view?usp=drive_link
167,TSHMRS122200001,TSH,MRS,175,48,,NULL,1222,00001,,Tancho Showa,Male,Jun 2019,3,Marusaka Koi Farm,Dec 2022,47,,,Koi Palace,,,90950000,Duta Mas Jakarta,TSHMRS122200001.jpg,TSHMRS122200001.mp4,,,,,,,,,
168,SHOXXX000000010,SHO,XXX,155,NULL,,NULL,0000,00010,,Showa,Male,,3,,,53,,,Koi Palace,,,,Duta Mas Jakarta,SHOXXX000000010.jpg,SHOXXX000000010.mp4,,,,,,,,,https://drive.google.com/file/d/14zFUHXuhqNkO5G4RkT_ncMl8MPYai2q7/view?usp=drive_link
169,SHOXXX000000011,SHO,XXX,155,NULL,,NULL,0000,00011,,Showa,Male,,3,,,40,,,Koi Palace,,,,Duta Mas Jakarta,SHOXXX000000011.jpg,SHOXXX000000011.mp4,,,,,,,,,https://drive.google.com/file/d/1I6Tc76SjbddS2xWmF_U9hDlZF5AIdIyV/view?usp=drive_link
170,SHOXXX000000012,SHO,XXX,155,NULL,,NULL,0000,00012,,Showa,Male,,3,,,51,,,Koi Palace,,,,Duta Mas Jakarta,SHOXXX000000012.jpg,SHOXXX000000012.mp4,,,,,,,,,
171,SANXXX000000005,SAN,XXX,150,NULL,,NULL,0000,00005,,Sanke,Male,,3,,,53,,,Koi Palace,,,,Duta Mas Jakarta,SANXXX000000005.jpg,SANXXX000000005.mp4,,,,,,,,,
172,KAUHKF112200001,KAU,HKF,97,10,,NULL,1122,00001,,Kohaku,Male,Jun 2019,3,Hoshikin Koi Farm,Nov 2022,53,,,Koi Palace,,,55696500,Duta Mas Jakarta,KAUHKF112200001.jpg,KAUHKF112200001.mp4,,,,,,,,,
173,SHOXXX000000013,SHO,XXX,155,NULL,,NULL,0000,00013,,Showa,Male,,3,,,47,,,Koi Palace,,,,Duta Mas Jakarta,SHOXXX000000013.jpg,SHOXXX000000013.mp4,,,,,,,,,https://drive.google.com/file/d/1O5ae2_MGoJlAFLcWmHFIHwQ7qgsto9TD/view?usp=drive_link
174,SANXXX000000006,SAN,XXX,150,NULL,,NULL,0000,00006,,Sanke,Female,,3,,,47,,,Koi Palace,,,,Duta Mas Jakarta,SANXXX000000006.jpg,SANXXX000000006.mp4,,,,,,,,,https://drive.google.com/file/d/1r55K8MGcKcyJlMuBSLhE1_Rbf7naPa-z/view?usp=drive_link
175,TKOMHD112200003,TKO,MHD,170,40,,NULL,1122,00003,,Tancho Kohaku,Male,Jun 2019,3,Maruhide koi Farm,Nov 2022,50,,,Koi Palace,,,37950000,Duta Mas Jakarta,TKOMHD112200003.jpg,TKOMHD112200003.mp4,,,,,,,,,
176,KAUTRZ122200001,KAU,TRZ,97,91,,NULL,1222,00001,,Kohaku,Female,Jun 2019,3,Torazo Farm,Dec 2022,57,,,Koi Palace,,,53200000,Duta Mas Jakarta,KAUTRZ122200001.jpg,KAUTRZ122200001.mp4,,,,,,,,,
177,TKOMOK122200001,TKO,MOK,170,47,,NULL,1222,00001,,Tancho Kohaku,Female,Jun 2019,3,Momotaro Koi,Dec 2022,55,,,Koi Palace,,,67000000,Duta Mas Jakarta,TKOMOK122200001.jpg,TKOMOK122200001.mp4,,,,,,,,,
178,SHOHKF122200004,SHO,HKF,155,10,,NULL,1222,00004,,Showa,Male,Jun 2019,3,Hoshikin Koi Farm,Dec 2022,53,,,Koi Palace,,,95900000,Duta Mas Jakarta,SHOHKF122200004.jpg,SHOHKF122200004.mp4,,,,,,,,,https://drive.google.com/file/d/1dUKY1weeP6nZwenJw61PCklrjmhbBVRX/view?usp=drive_link
179,SHOXXX000000014,SHO,XXX,155,NULL,,NULL,0000,00014,,Showa,Male,,3,,,52,,,Koi Palace,,,,Duta Mas Jakarta,SHOXXX000000014.jpg,SHOXXX000000014.mp4,,,,,,,,,
180,SHOXXX000000015,SHO,XXX,155,NULL,,NULL,0000,00015,,Showa,Female,,3,,,57,,,Koi Palace,,,,Duta Mas Jakarta,SHOXXX000000015.jpg,SHOXXX000000015.mp4,,,,,,,,,
181,SHUKAW112200001,SHU,KAW,159,21,,NULL,1122,00001,,Shusui,Female,Jun 2019,3,Kawakami Koi Farm,Nov 2022,52,,,Koi Palace,,,60000000,Duta Mas Jakarta,SHUKAW112200001.jpg,SHUKAW112200001.mp4,,,,,,,,,https://drive.google.com/file/d/1sHHt_W0ZipQPjvsTSotArrARpw8qHZ7U/view?usp=drive_link
182,SANXXX000000007,SAN,XXX,150,NULL,,NULL,0000,00007,,Sanke,Female,,3,,,45,,,Koi Palace,,,,Duta Mas Jakarta,SANXXX000000007.jpg,SANXXX000000007.mp4,,,,,,,,,
183,SANXXX000000008,SAN,XXX,150,NULL,,NULL,0000,00008,,Sanke,Female,,3,,,47,,,Koi Palace,,,,Duta Mas Jakarta,SANXXX000000008.jpg,SANXXX000000008.mp4,,,,,,,,,
184,GSHSHK122200001,GSH,SHK,35,72,,NULL,1222,00001,,Ginrin Shiro,Male,Jun 2019,3,Shinoda Koi Farm,Dec 2022,55,,,Koi Palace,,,53000000,Duta Mas Jakarta,GSHSHK122200001.jpg,GSHSHK122200001.mp4,,,,,,,,,
185,KAUTRZ122200002,KAU,TRZ,97,91,,NULL,1222,00002,,Kohaku,Male,Jun 2019,3,Torazo Koi,Dec 2022,48,,,Koi Palace,,,53200000,Duta Mas Jakarta,KAUTRZ122200002.jpg,KAUTRZ122200002.mp4,,,,,,,,,
186,TSAXXX000000003,TSA,XXX,173,NULL,,NULL,0000,00003,,Tancho Sanke,Male,,3,,,46,,,Koi Palace,,,,Duta Mas Jakarta,TSAXXX000000003.jpg,TSAXXX000000003.mp4,,,,,,,,,
187,SANXXX000000009,SAN,XXX,150,NULL,,NULL,0000,00009,,Sanke,Male,,3,,,50,,,Koi Palace,,,,Duta Mas Jakarta,SANXXX000000009.jpg,SANXXX000000009.mp4,,,,,,,,,
188,KAUXXX000000003,KAU,XXX,97,NULL,,NULL,0000,00003,,Kohaku,Female,,3,,,41,,,Koi Palace,,,,Duta Mas Jakarta,KAUXXX000000003.jpg,KAUXXX000000003.mp4,,,,,,,,,
189,SHOHKF122200005,SHO,HKF,155,10,,NULL,1222,00005,,Showa,Male,Jun 2019,3,Hoshikin Koi Farm,Dec 2022,55,,,Koi Palace,,,95900000,Duta Mas Jakarta,SHOHKF122200005.jpg,SHOHKF122200005.mp4,,,,,,,,,
190,SANXXX000000010,SAN,XXX,150,NULL,,NULL,0000,00010,,Sanke,Male,,3,,,49,,,Koi Palace,,,,Duta Mas Jakarta,SANXXX000000010.jpg,SANXXX000000010.mp4,,,,,,,,,
191,KAUMAY122200001,KAU,MAY,97,38,,NULL,1222,00001,,Kohaku,Male,Jun 2019,3,Maruyama Koi Farm,Dec 2022,53,,,Koi Palace,,,73500000,Duta Mas Jakarta,KAUMAY122200001.jpg,KAUMAY122200001.mp4,,,,,,,,,
192,TKOMHD112200004,TKO,MHD,170,40,,NULL,1122,00004,,Tancho Kohaku,Male,Jun 2019,3,Maruhide koi Farm,Nov 2022,48,,,Koi Palace,,,37950000,Duta Mas Jakarta,TKOMHD112200004.jpg,TKOMHD112200004.mp4,,,,,,,,,
193,SANXXX000000011,SAN,XXX,150,NULL,,NULL,0000,00011,,Sanke,Male,,3,,,46,,,Koi Palace,,,,Duta Mas Jakarta,SANXXX000000011.jpg,SANXXX000000011.mp4,,,,,,,,,
194,SANXXX000000012,SAN,XXX,150,NULL,,NULL,0000,00012,,Sanke,Female,,3,,,46,,,Koi Palace,,,,Duta Mas Jakarta,SANXXX000000012.jpg,SANXXX000000012.mp4,,,,,,,,,
195,SANXXX000000013,SAN,XXX,150,NULL,,NULL,0000,00013,,Sanke,Male,,3,,,47,,,Koi Palace,,,,Duta Mas Jakarta,SANXXX000000013.jpg,SANXXX000000013.mp4,,,,,,,,,
196,KAUTRZ122200003,KAU,TRZ,97,91,,NULL,1222,00003,,Kohaku,Male,Jun 2019,3,Torazo Koi,Dec 2022,54,,,Koi Palace,,,53200000,Duta Mas Jakarta,KAUTRZ122200003.jpg,KAUTRZ122200003.mp4,,,,,,,,,
197,CHAXXX122200001,CHA,XXX,16,NULL,,NULL,1222,00001,,Chagoi,Female,Jun 2019,3,,Dec 2022,63,,,Koi Palace,,,65000000,Duta Mas Jakarta,CHAXXX122200001.jpg,CHAXXX122200001.mp4,,,,,,,,,https://drive.google.com/file/d/1oySD-7aCULC7ckok3N7r3jnstT-llf8a/view?usp=drive_link
198,TSAXXX000000004,TSA,XXX,173,NULL,,NULL,0000,00004,,Tancho Sanke,Male,,3,,,45,,,Koi Palace,,,,Duta Mas Jakarta,TSAXXX000000004.jpg,TSAXXX000000004.mp4,,,,,,,,,
199,SANXXX000000014,SAN,XXX,150,NULL,,NULL,0000,00014,,Sanke,Male,,3,,,42,,,Koi Palace,,,,Duta Mas Jakarta,SANXXX000000014.jpg,SANXXX000000014.mp4,,,,,,,,,
200,XXXXXX000000001,XXX,XXX,179,NULL,,NULL,0000,00001,,Matsukawabake,Male,,3,,,48,,,Koi Palace,,,,Duta Mas Jakarta,XXXXXX000000001.jpg,XXXXXX000000001.mp4,,,,,,,,,
201,SANXXX000000015,SAN,XXX,150,NULL,,NULL,0000,00015,,Sanke,Female,,3,,,51,,,Koi Palace,,,,Duta Mas Jakarta,SANXXX000000015.jpg,SANXXX000000015.mp4,,,,,,,,,https://drive.google.com/file/d/16kdTPRl7sAQGzS99uFAlUCxxfbH8nFSG/view?usp=drive_link
202,SHOXXX000000016,SHO,XXX,155,NULL,,NULL,0000,00016,,Showa,Female,,3,,,55,,,Koi Palace,,,,Duta Mas Jakarta,SHOXXX000000016.jpg,SHOXXX000000016.mp4,,,,,,,,,
203,KAUXXX000000004,KAU,XXX,97,NULL,,NULL,0000,00004,,Kohaku,Male,,3,,,48,,,Koi Palace,,,,Duta Mas Jakarta,KAUXXX000000004.jpg,KAUXXX000000004.mp4,,,,,,,,,
204,SHOXXX000000017,SHO,XXX,155,NULL,,NULL,0000,00017,,Showa,Male,,3,,,55,,,Koi Palace,,,,Duta Mas Jakarta,SHOXXX000000017.jpg,SHOXXX000000017.mp4,,,,,,,,,
205,TKOMHD112200005,TKO,MHD,170,40,,NULL,1122,00005,,Tancho Kohaku,Male,Jun 2019,3,Maruhide koi Farm,Nov 2022,56,,,Koi Palace,,,37950000,Duta Mas Jakarta,TKOMHD112200005.jpg,TKOMHD112200005.mp4,,,,,,,,,
206,KKUMRS112300001,KKU,MRS,106,48,,NULL,1123,00001,,Kikusui,Male,Jun 2019,3,Marusaka Koi Farm,Nov 2022,54,,,Koi Palace,,,21541500,Duta Mas Jakarta,KKUMRS112300001.jpg,KKUMRS112300001.mp4,,,,,,,,,
207,SHOXXX000000018,SHO,XXX,155,NULL,,NULL,0000,00018,,Showa,Male,,3,,,56,,,Koi Palace,,,,Duta Mas Jakarta,SHOXXX000000018.jpg,SHOXXX000000018.mp4,,,,,,,,,
208,SHOXXX000000019,SHO,XXX,155,NULL,,NULL,0000,00019,,Showa,Male,,3,,,48,,,Koi Palace,,,,Duta Mas Jakarta,SHOXXX000000019.jpg,SHOXXX000000019.mp4,,,,,,,,,
209,GASXXX000000001,GAS,XXX,36,NULL,,NULL,0000,00001,,Ginrin Asagi,Male,,3,,,52,,,Koi Palace,,,,Duta Mas Jakarta,GASXXX000000001.jpg,GASXXX000000001.mp4,,,,,,,,,
210,KAUXXX012300001,KAU,XXX,97,NULL,Wild,9,0123,00001,,Kohaku,Unknown,Jun 2022,1,,Jan 2023,31,,,Koi Palace,,20000,,Duta Mas Jakarta,KAUXXX012300001.jpg,,,,,,,,,,
211,SHOXXX012300001,SHO,XXX,155,NULL,SuperMonster,10,0123,00001,,Showa,Unknown,Jun 2022,1,,Jan 2023,27,,,Koi Palace,,20000,,Duta Mas Jakarta,SHOXXX012300001.jpg,,,,,,,,,,
212,KAUXXX012300002,KAU,XXX,97,NULL,RedTiger,11,0123,00002,,Kohaku,Unknown,Jun 2022,1,,Jan 2023,32,,,Koi Palace,,20000,,Duta Mas Jakarta,KAUXXX012300002.jpg,,,,,,,,,,
213,SHOXXX012300002,SHO,XXX,155,NULL,SuperMonster,10,0123,00002,,Showa,Unknown,Jun 2022,1,,Jan 2023,26,,,Koi Palace,,20000,,Duta Mas Jakarta,SHOXXX012300002.jpg,,,,,,,,,,
214,SHOXXX012300003,SHO,XXX,155,NULL,MonaLisa,12,0123,00003,,Showa,Unknown,Jun 2022,1,,Jan 2023,30,,,Koi Palace,,10000,,Duta Mas Jakarta,SHOXXX012300003.jpg,,,,,,,,,,
215,SHOXXX012300004,SHO,XXX,155,NULL,Masako,13,0123,00004,,Showa,Unknown,Jun 2022,1,,Jan 2023,29,,,Koi Palace,,10000,,Duta Mas Jakarta,SHOXXX012300004.jpg,,,,,,,,,,
216,SHOXXX012300005,SHO,XXX,155,NULL,SuperMonster,10,0123,00005,,Showa,Unknown,Jun 2022,1,,Jan 2023,19,,,Koi Palace,,20000,,Duta Mas Jakarta,SHOXXX012300005.jpg,,,,,,,,,,
217,SHOXXX012300006,SHO,XXX,155,NULL,SuperMonster,10,0123,00006,,Showa,Unknown,Jun 2022,1,,Jan 2023,24,,,Koi Palace,,20000,,Duta Mas Jakarta,SHOXXX012300006.jpg,,,,,,,,,,
218,SHOXXX022300001,SHO,XXX,155,NULL,Monroe,14,0223,00001,,Showa,Unknown,Jun 2022,1,,Feb 2023,26,,,Koi Palace,,20000,,Duta Mas Jakarta,SHOXXX022300001.jpg,,,,,,,,,,
219,SHOXXX022300002,SHO,XXX,155,NULL,Monroe,14,0223,00002,,Showa,Unknown,Jun 2022,1,,Feb 2023,28,,,Koi Palace,,20000,,Duta Mas Jakarta,SHOXXX022300002.jpg,,,,,,,,,,
220,SHOXXX022300003,SHO,XXX,155,NULL,Monroe,14,0223,00003,,Showa,Unknown,Jun 2022,1,,Feb 2023,29,,,Koi Palace,,10000,,Duta Mas Jakarta,SHOXXX022300003.jpg,,,,,,,,,,
221,TSHXXX022300001,TSH,XXX,175,NULL,Monroe,14,0223,00001,,Tancho Showa,Unknown,Jun 2022,1,,Feb 2023,27,,,Koi Palace,,20000,,Duta Mas Jakarta,TSHXXX022300001.jpg,,,,,,,,,,
222,SHOXXX022300004,SHO,XXX,155,NULL,MonaLisa,12,0223,00004,,Showa,Unknown,Jun 2022,1,,Feb 2023,29,,,Koi Palace,,20000,,Duta Mas Jakarta,SHOXXX022300004.jpg,,,,,,,,,,
223,SHOXXX022300005,SHO,XXX,155,NULL,SuperMonster,10,0223,00005,,Showa,Unknown,Jun 2022,1,,Feb 2023,29,,,Koi Palace,,20000,,Duta Mas Jakarta,SHOXXX022300005.jpg,,,,,,,,,,
224,SHOXXX022300006,SHO,XXX,155,NULL,SuperMonster,10,0223,00006,,Showa,Unknown,Jun 2022,1,,Feb 2023,26,,,Koi Palace,,20000,,Duta Mas Jakarta,SHOXXX022300006.jpg,,,,,,,,,,
225,SHOXXX022300007,SHO,XXX,155,NULL,SuperMonster,10,0223,00007,,Showa,Unknown,Jun 2022,1,,Feb 2023,26,,,Koi Palace,,20000,,Duta Mas Jakarta,SHOXXX022300007.jpg,,,,,,,,,,
226,TSHXXX022300002,TSH,XXX,175,NULL,MonaLisa,12,0223,00002,,Tancho Showa,Unknown,Jun 2022,1,,Feb 2023,28,,,Koi Palace,,20000,,Duta Mas Jakarta,TSHXXX022300002.jpg,,,,,,,,,,
227,SHSISA042300001,SHS,ISA,157,16,,NULL,0423,00001,,Showa Sansoku,Unknown,Apr 2022,1,ISA Koi Farm,Apr 2023,28,,,AKA Koi Center,,120000,,,SHSISA042300001.JPG,SHSISA042300001.mov,,,,,,,,,
228,KAUISA042300001,KAU,ISA,97,16,,NULL,0423,00001,,Kohaku,Unknown,Apr 2022,1,ISA Koi Farm,Apr 2023,28,,,AKA Koi Center,,130000,,,KAUISA042300001.JPG,KAUISA042300001.mov,,,,,,,,,
229,SHSISA042300002,SHS,ISA,157,16,,NULL,0423,00002,,Showa Sansoku,Unknown,Apr 2022,1,ISA Koi Farm,Apr 2023,32,,,AKA Koi Center,,170000,,,SHSISA042300002.JPG,SHSISA042300002.mov,,,,,,,,,
230,SHIDKF022400001,SHI,DKF,154,3,,NULL,0224,00001,,Shiromuji,Female,,2,Dainichi Koi Farm,Feb 2024,88,,,AKA Koi Center,,,4500000,,SHIDKF022400001.JPG,SHIDKF022400001.MP4,,,,,,,,,
231,TSASFF112300001,TSA,SFF,173,71,,NULL,1123,00001,,Tancho Sanke,Unknown,Nov 2021,2,Sakai Fish Farm,Nov 2023,62,,,AKA Koi Center,,,1500000,,TSASFF112300001.jpg,TSASFF112300001.MP4,,,,,,,,,
232,KAUDKF000000001,KAU,DKF,97,3,RedTiger,11,0000,00001,,Kohaku,Female,,,Dainichi Koi Farm,,39,,,AKA Koi Center,,1000000,,,KAUDKF000000001.JPG,KAUDKF000000001.MOV,,,,,,,,,
233,KAUSFF000000001,KAU,SFF,97,71,MissNewYork,18,0000,00001,,Kohaku,Female,,,Sakai Fish Farm,,39,,,AKA Koi Center,,300000,,,KAUSFF000000001.jpg,KAUSFF000000001.mov,,,,,,,,,
234,SHSSFF000000001,SHS,SFF,157,71,SilkSoner,19,0000,00001,,Showa Sansoku,Male,,,Sakai Fish Farm,,43,,,AKA Koi Center,,500000,,,SHSSFF000000001.jpg,SHSSFF000000001.mov,,,,,,,,,
235,KAUSFF000000002,KAU,SFF,97,71,Shangli-la,20,0000,00002,,Kohaku,Male,,,Sakai Fish Farm,,47,,,AKA Koi Center,,1500000,,,KAUSFF000000002.JPG,KAUSFF000000002.mov,,,,,,,,,
236,KAUMOK012400001,KAU,MOK,97,47,,NULL,0124,00001,,Kohaku,Female,Jul 2021,2,Momotaro Koi Farm,Jan 2024,78,,,AKA Koi Center,,,10000000,,KAUMOK012400001.JPG,KAUMOK012400001.MOV,,,,,,,,,
237,KAUMOK012400002,KAU,MOK,97,47,,NULL,0124,00002,,Kohaku,Female,May 2022,2,Momotaro Koi Farm,Jan 2024,61,,,AKA Koi Center,,,2000000,,KAUMOK012400002.jpg,KAUMOK012400002.MP4,,,,,,,,,
238,TAISFF000000001,TAI,SFF,164,71,,NULL,0000,00001,,Taisho sanshoku,Unknown,,1,Sakai Fish Farm,,19,,,PIETH,,50000,,,TAISFF000000001.jpg,TAISFF000000001.MP4,,,,,,,,,
239,TAISFF000000002,TAI,SFF,164,71,,NULL,0000,00002,,Taisho sanshoku,Unknown,,1,Sakai Fish Farm,,26,,,PIETH,,100000,,,TAISFF000000002.jpg,TAISFF000000002.MP4,,,,,,,,,
240,TAISFF000000003,TAI,SFF,164,71,,NULL,0000,00003,,Taisho sanshoku,Unknown,,1,Sakai Fish Farm,,18,,,PIETH,,150000,,,TAISFF000000003.jpg,TAISFF000000003.MP4,,,,,,,,,
241,TAISFF000000004,TAI,SFF,164,71,,NULL,0000,00004,,Taisho sanshoku,Unknown,,1,Sakai Fish Farm,,21,,,PIETH,,100000,,,TAISFF000000004.jpg,TAISFF000000004.MP4,,,,,,,,,
242,TAISFF000000005,TAI,SFF,164,71,,NULL,0000,00005,,Taisho sanshoku,Unknown,,1,Sakai Fish Farm,,19,,,PIETH,,100000,,,TAISFF000000005.jpg,TAISFF000000005.MP4,,,,,,,,,
243,TAISFF000000006,TAI,SFF,164,71,,NULL,0000,00006,,Taisho sanshoku,Unknown,,1,Sakai Fish Farm,,16,,,PIETH,,50000,,,TAISFF000000006.jpg,TAISFF000000006.MP4,,,,,,,,,
244,TAISFF000000007,TAI,SFF,164,71,,NULL,0000,00007,,Taisho sanshoku,Unknown,,1,Sakai Fish Farm,,21,,,PIETH,,100000,,,TAISFF000000007.jpg,TAISFF000000007.MP4,,,,,,,,,
245,TAISFF000000008,TAI,SFF,164,71,,NULL,0000,00008,,Taisho sanshoku,Unknown,,1,Sakai Fish Farm,,18,,,PIETH,,100000,,,TAISFF000000008.jpg,TAISFF000000008.MP4,,,,,,,,,
246,TAISFF000000009,TAI,SFF,164,71,,NULL,0000,00009,,Taisho sanshoku,Unknown,,1,Sakai Fish Farm,,24,,,PIETH,,100000,,,TAISFF000000009.jpg,TAISFF000000009.MP4,,,,,,,,,
247,TAISFF000000010,TAI,SFF,164,71,,NULL,0000,00010,,Taisho sanshoku,Unknown,,1,Sakai Fish Farm,,24,,,PIETH,,100000,,,TAISFF000000010.jpg,TAISFF000000010.MP4,,,,,,,,,
248,TAISFF000000011,TAI,SFF,164,71,,NULL,0000,00011,,Taisho sanshoku,Unknown,,1,Sakai Fish Farm,,26,,,PIETH,,150000,,,TAISFF000000011.jpg,TAISFF000000011.MP4,,,,,,,,,
249,KAUSFF000000003,KAU,SFF,97,71,,NULL,0000,00003,,Kohaku,Unknown,,1,Sakai Fish Farm,,23,,,PIETH,,100000,,,KAUSFF000000003.jpg,KAUSFF000000003.MP4,,,,,,,,,
250,TAISFF000000012,TAI,SFF,164,71,,NULL,0000,00012,,Taisho sanshoku,Unknown,,1,Sakai Fish Farm,,18,,,PIETH,,150000,,,TAISFF000000012.jpg,TAISFF000000012.MP4,,,,,,,,,
251,KAUSFF000000004,KAU,SFF,97,71,,NULL,0000,00004,,Kohaku,Unknown,,1,Sakai Fish Farm,,24,,,PIETH,,100000,,,KAUSFF000000004.jpg,KAUSFF000000004.MP4,,,,,,,,,
252,KAUSFF000000005,KAU,SFF,97,71,,NULL,0000,00005,,Kohaku,Unknown,,1,Sakai Fish Farm,,19,,,PIETH,,50000,,,KAUSFF000000005.jpg,KAUSFF000000005.MP4,,,,,,,,,
253,KAUMOK000000001,KAU,MOK,97,47,,NULL,0000,00001,,Kohaku,Unknown,,1,Momotaro Koi,,18,,,PIETH,,150000,,,KAUMOK000000001.jpg,KAUMOK000000001.MP4,,,,,,,,,
254,KAUMOK000000002,KAU,MOK,97,47,,NULL,0000,00002,,Kohaku,Unknown,,1,Momotaro Koi,,16,,,PIETH,,50000,,,KAUMOK000000002.jpg,KAUMOK000000002.MP4,,,,,,,,,
255,TAIMAR000000001,TAI,MAR,164,37,,NULL,0000,00001,,Taisho sanshoku,Unknown,,1,Marudo Koi Farm,,18,,,PIETH,,100000,,,TAIMAR000000001.jpg,TAIMAR000000001.MP4,,,,,,,,,
256,TAIMAR000000002,TAI,MAR,164,37,,NULL,0000,00002,,Taisho sanshoku,Unknown,,1,Marudo Koi Farm,,21,,,PIETH,,30000,,,TAIMAR000000002.jpg,TAIMAR000000002.MP4,,,,,,,,,
257,TAIKON000000001,TAI,KON,164,32,,NULL,0000,00001,,Taisho sanshoku,Unknown,,1,Kondo Koi Farm,,16,,,PIETH,,50000,,,TAIKON000000001.jpg,TAIKON000000001.MP4,,,,,,,,,
258,GSKMNC000000001,GSK,MNC,NULL,93,,NULL,0000,00001,,Ginrin Sanke,Unknown,,1,Matsue Nishikigoi Center, ,14,,,PIETH,,30000,,,GSKMNC000000001.jpg,GSKMNC000000001.MP4,,,,,,,,,
259,KAUMNC000000001,KAU,MNC,97,93,,NULL,0000,00001,,Kohaku,Unknown,,1,Matsue Nishikigoi Center, ,15,,,PIETH,,50000,,,KAUMNC000000001.jpg,KAUMNC000000001.MP4,,,,,,,,,
260,SHSDKF000000001,SHS,DKF,157,3,MonaLisa,12,0000,00001,,Showa Sansoku,Unknown,,1,Dainichi Koi Farm,,18,,,PIETH,,100000,,,SHSDKF000000001.jpg,SHSDKF000000001.MP4,,,,,,,,,
261,SHSDKF000000002,SHS,DKF,157,3,MonaLisa,12,0000,00002,,Showa Sansoku,Unknown,,1,Dainichi Koi Farm,,16,,,PIETH,,100000,,,SHSDKF000000002.jpg,SHSDKF000000002.MP4,,,,,,,,,
262,SHSDKF000000003,SHS,DKF,157,3,MonaLisa,12,0000,00003,,Showa Sansoku,Unknown,,1,Dainichi Koi Farm,,18,,,PIETH,,100000,,,SHSDKF000000003.jpg,SHSDKF000000003.MP4,,,,,,,,,
263,DSAMRS000000001,DSA,MRS,30,48,,NULL,0000,00001,,Doitsu Sanke,Unknown,,1,Marusaka Koi Farm, ,23,,,PIETH,,71000,,,DSAMRS000000001.PNG,DSAMRS000000001.MP4,,,,,,,,,
264,TAIMAR000000003,TAI,MAR,164,37,,NULL,0000,00003,,Taisho sanshoku,Unknown,,1,Marudo Koi Farm,,26,,,PIETH,,42000,,,TAIMAR000000003.PNG,TAIMAR000000003.MP4,,,,,,,,,
265,DSHMKF000000001,DSH,MKF,32,43,,NULL,0000,00001,,Doitsu Showa,Unknown,,1,Marushin Koi Farm, ,26,,,PIETH,,71000,,,DSHMKF000000001.PNG,DSHMKF000000001.MP4,,,,,,,,,
266,SHSDKF000000004,SHS,DKF,157,3,,NULL,0000,00004,,Showa Sansoku,Female,,2,Dainichi Koi Farm,,42,,,PIETH,,250000,,,SHSDKF000000004.jpg,SHSDKF000000004.MP4,,,,,,,,,
267,TSAXXX122300001,TSA,XXX,173,NULL,,NULL,1223,00001,,Tancho Sanke,Unknown,,,,,,,,PIETH,,,,,TSAXXX122300001.JPG,TSAXXX122300001.MP4,,,,,,,,,
268,SANXXX000000001,SAN,XXX,150,NULL,,NULL,0000,00001,,Sanke,Female,,1,,,45,,,PIETH,,3000000,,,SANXXX000000001.jpg,SANXXX000000001.mov,,,,,,,,,
269,SANXXX000000002,SAN,XXX,150,NULL,,NULL,0000,00002,,Sanke,Male,,1,,,36,,,PIETH,,100000,,,SANXXX000000002.jpg,SANXXX000000002.mov,,,,,,,,,
270,SANXXX000000003,SAN,XXX,150,NULL,,NULL,0000,00003,,Sanke,Unknown,,,,,,,,PIETH,,,,,SANXXX000000003.JPG,SANXXX000000003.MP4,,,,,,,,,
271,TAIMAR000000004,TAI,MAR,164,37,,NULL,0000,00004,,Taisho Sanshoku,Female,,2,Marudo Koi Farm,,54,,,PIETH,,500000,,,TAIMAR000000004.jpg,TAIMAR000000004.mov,,,,,,,,,
272,SANSFF000000001,SAN,SFF,150,71,Sweet Ruby,21,0000,00001,,Sanke,Unknown,,1,Sakai Fish Farm,,24,,,PIETH,,,,,SANSFF000000001.jpg,,,,,,,,,,
273,SANSFF000000002,SAN,SFF,150,71,Miss London,22,0000,00002,,Sanke,Unknown,,1,Sakai Fish Farm,,25,,,PIETH,,,,,SANSFF000000002.jpg,,,,,,,,,,
274,SANSFF000000003,SAN,SFF,150,71,Misss Hiroshima,NULL,0000,00003,,Sanke,Unknown,,1,Sakai Fish Farm,,26,,,PIETH,,,,,SANSFF000000003.jpg,,,,,,,,,,
275,SANSFF000000004,SAN,SFF,150,71,Miss Barcelona,NULL,0000,00004,,Sanke,Unknown,,1,Sakai Fish Farm,,24,,,PIETH,,,,,SANSFF000000004.jpg,,,,,,,,,,
276,SANSFF000000005,SAN,SFF,150,71,Miss Rome,3,0000,00005,,Sanke,Unknown,,1,Sakai Fish Farm,,24,,,PIETH,,,,,SANSFF000000005.jpg,,,,,,,,,,
277,SANSFF000000006,SAN,SFF,150,71,Silk Sonic,NULL,0000,00006,,Sanke,Unknown,,1,Sakai Fish Farm,,26,,,PIETH,,,,,SANSFF000000006.jpg,,,,,,,,,,
278,SHSISA032300001,SHS,ISA,157,16,,NULL,0323,00001,,Showa Sansoku,Unknown,Mar 2022,1,ISA Koi Farm,,30,,,PIETH,,51000,,,SHSISA032300001.jpg,SHSISA032300001.MP4,,,,,,,,,
279,SHSISA032300002,SHS,ISA,157,16,,NULL,0323,00002,,Showa Sansoku,Unknown,Mar 2022,1,ISA Koi Farm,,31,,,PIETH,,100000,,,SHSISA032300002.jpg,,,,,,,,,,
280,DSHMKF032300001,DSH,MKF,32,43,,NULL,0323,00001,,Doitsu Showa,Unknown,Mar 2022,1,Marushin Koi Farm,,27,,,PIETH,,336000,,,DSHMKF032300001.jpg,DSHMKF032300001.MP4,,,,,,,,,
281,SHSXXX032300001,SHS,XXX,157,NULL,,NULL,0323,00001,,Showa Sansoku,Unknown,,,,,,,,PIETH,,,,,SHSXXX032300001.JPG,,,,,,,,,,
282,SHSXXX032300002,SHS,XXX,157,NULL,,NULL,0323,00002,,Showa Sansoku,Unknown,,,,,,,,PIETH,,,,,SHSXXX032300002.JPG,,,,,,,,,,
283,DSHMKF032300001,DSH,MKF,32,43,,NULL,0323,00001,,Doitsu Showa,Unknown,,,Marushin Koi Farm,,,,,PIETH,,,,,DSHMKF032300001.JPG,,,,,,,,,,
284,DSHMKF032300002,DSH,MKF,32,43,,NULL,0323,00002,,Doitsu Showa,Unknown,,,Marushin Koi Farm,,,,,PIETH,,,,,DSHMKF032300002.JPG,,,,,,,,,,
285,SHSISH052300001,SHS,ISH,157,NULL,,NULL,0523,00001,,Showa Sansoku,Unknown,,1,ISA Koi Farm,,34,,,PIETH,,100000,,,SHSISH052300001.jpg,SHSISH052300001.MP4,,,,,,,,,
286,GOINKF000000001,GOI,NKF,74,55,,NULL,0000,00001,,Goshiki,Unknown,,,Narita Koi Farm,,,,,PIETH,,,,,GOINKF000000001.JPG,GOINKF000000001.MP4,,,,,,,,,
287,SHSNKF000000001,SHS,NKF,157,55,,NULL,0000,00001,,Showa Sansoku,Unknown,,,Narita Koi Farm,,,,,PIETH,,,,,SHSNKF000000001.JPG,SHSNKF000000001.MP4,,,,,,,,,
288,TAITAM052300001,TAI,TAM,164,79,,NULL,0523,00001,,Taisho sanshoku,Male,May 2022,1,Tamaura Fish Farm, ,36,,,PIETH,,21000,,,TAITAM052300001.jpg,TAITAM052300001.MP4,,,,,,,,,
289,GOGMHI102300001,GOG,MHI,57,41,,NULL,1023,00001,,Ginrin Ogon,Unknown,,,Maruhiro Koi Farm,,,,,PIETH,,,,,GOGMHI102300001.JPG,GOGMHI102300001.MP4,,,,,,,,,
290,KIUMHI032300001,KIU,MHI,105,41,,NULL,0323,00001,,Ki Utsuri,Unknown,Mar 2020,3,Maruhiro Koi Farm,,,,,PIETH,,,,,,KIUMHI032300001.MP4,,,,,,,,,
291,GSIOMF112300001,GSI,OMF,63,61,,NULL,1123,00001,,Ginrin Shiroutsuri,Female,Nov 2021,2,Omosako Koi Farm, ,52,,,PIETH,,253000,,,GSIOMF112300001.jpg,GSIOMF112300001.mov,,,,,,,,,
292,GMAOMF102300001,GMA,OMF,34,61,,NULL,1023,00001,,Gin Matsuba,Female,Oct 2020,3,Omosako Koi Farm,,66,,,PIETH,,300000,,,GMAOMF102300001.jpg,GMAOMF102300001.mov,,,,,,,,,
293,SUTOMF102300001,SUT,OMF,153,61,,NULL,1023,00001,,Shiroutsuri,Female,Oct 2021,2,Omosako Koi Farm,,50,,,PIETH,,700000,,,SUTOMF102300001.jpg,SUTOMF102300001.mov,,,,,,,,,
294,GSIOMF102300001,GSI,OMF,63,61,,NULL,1023,00001,,Ginrin Shiroutsuri,Female,Oct 2020,3,Omosako Koi Farm,,60,,,PIETH,,700000,,,GSIOMF102300001.jpg,GSIOMF102300001.mov,,,,,,,,,
295,HMYOMF112300001,HMY,OMF,83,61,,NULL,1123,00001,,Hikari Moyomono,Unknown,,,Omosako Koi Farm,,,,,PIETH,,,,,HMYOMF112300001.JPG,HMYOMF112300001.MP4,,,,,,,,,
296,GSIOMF112300002,GSI,OMF,63,61,,NULL,1123,00002,,Ginrin Shiroutsuri,Unknown,,,Omosako Koi Farm,,,,,PIETH,,,,,,GSIOMF112300002.MP4,,,,,,,,,
297,GSIOMF112300003,GSI,OMF,63,61,,NULL,1123,00003,,Ginrin Shiroutsuri,Unknown,,,Omosako Koi Farm,,,,,PIETH,,,,,,GSIOMF112300003.MP4,,,,,,,,,
298,GSIOMF022300001,GSI,OMF,63,61,,NULL,0223,00001,,Ginrin Shiroutsuri,Unknown,,,Omosako Koi Farm,,,,,PIETH,,,,,GSIOMF022300001.JPG,,,,,,,,,,
299,GSIOMF032300001,GSI,OMF,63,61,,NULL,0323,00001,,Ginrin Shiroutsuri,Unknown,,,Omosako Koi Farm,,,,,PIETH,,,,,GSIOMF032300001.JPG,GSIOMF032300001.MP4,,,,,,,,,
300,TANSFF102300001,TAN,SFF,165,71,Bond Girl,23,1023,00001,,Tancho,Female,Oct 2021,2,Sakai Fish Farm,,57,,,PIETH,,,,,TANSFF102300001.jpg,TANSFF102300001.MP4,,,,,,,,,
301,CHASFF102300001,CHA,SFF,16,71,Yellow Magic,NULL,1023,00001,,Chagoi,Female,Oct 2020,3,Sakai Fish Farm,,74,,,PIETH,,,,,CHASFF102300001.jpg,CHASFF102300001.mov,,,,,,,,,
302,KAUSFF102300001,KAU,SFF,97,71,Fuji,NULL,1023,00001,,Kohaku,Female,Oct 2021,2,Sakai Fish Farm,,58,,,PIETH,,,,,KAUSFF102300001.jpg,KAUSFF102300001.mov,,,,,,,,,
303,GSASFF102300001,GSA,SFF,61,71,Silk Sonic,NULL,1023,00001,,Ginrin Sanke,Female,Oct 2021,2,Sakai Fish Farm,,57,,,PIETH,,,,,GSASFF102300001.jpg,GSASFF102300001.MP4,,,,,,,,,
304,CHASFF102300002,CHA,SFF,16,71,Yellow Magic,NULL,1023,00002,,Chagoi,Female,Oct 2020,3,Sakai Fish Farm,,72,,,PIETH,,,,,CHASFF102300002.jpg,CHASFF102300002.mov,,,,,,,,,
305,OGOSFF102300001,OGO,SFF,139,71,Yellow Magic,NULL,1023,00001,,Ogon,Female,Oct 2020,3,Sakai Fish Farm,,78,,,PIETH,,,,,OGOSFF102300001.jpg,OGOSFF102300001.mov,,,,,,,,,
306,GSHSFF102300001,GSH,SFF,35,71,Dragon Ball,NULL,1023,00001,,Gin Shiro,Female,Oct 2021,2,Sakai Fish Farm,,58,,,PIETH,,,,,GSHSFF102300001.jpg,GSHSFF102300001.mov,,,,,,,,,
307,OGOSFF102300001,OGO,SFF,139,71,,NULL,1023,00001,,Ogon,Unknown,,,Sakai Fish Farm,,,,,PIETH,,,,,OGOSFF102300001.JPG,OGOSFF102300001.MP4,,,,,,,,,
308,GSISFF102300001,GSI,SFF,63,71,,NULL,1023,00001,,Ginrin Shiroutsuri,Unknown,,,Sakai Fish Farm,,,,,PIETH,,,,,,GSISFF102300001.MP4,,,,,,,,,
309,KAUSFF042300001,KAU,SFF,97,71,Second Love,NULL,0423,00001,,Kohaku,Female,Apr 2022,1,Sakai Fish Farm,,45,,,PIETH,,1100000,,,KAUSFF042300001.PNG,KAUSFF042300001.mov,,,,,,,,,
310,TSASFF042300001,TSA,SFF,173,71,Dragon Ball,NULL,0423,00001,,Tancho Sanke,Female,Apr 2022,1,Sakai Fish Farm,,45,,,PIETH,,1400000,,,TSASFF042300001.PNG,TSASFF042300001.mov,,,,,,,,,
311,TANSFF042300001,TAN,SFF,165,71,Second Love,NULL,0423,00001,,Tancho,Female,Apr 2022,1,Sakai Fish Farm,,47,,,PIETH,,960000,,,TANSFF042300001.PNG,TANSFF042300001.mov,,,,,,,,,
312,TAISFF042300001,TAI,SFF,164,71,Dragon Ball,NULL,0423,00001,,Taisho Sanshoku,Female,Apr 2022,1,Sakai Fish Farm,,45,,,PIETH,,1700000,,,TAISFF042300001.PNG,TAISFF042300001.mov,,,,,,,,,
313,TAISFF042300002,TAI,SFF,164,71,Shougetsu,NULL,0423,00002,,Taisho Sanshoku,Female,Apr 2022,1,Sakai Fish Farm,,48,,,PIETH,,1200000,,,TAISFF042300002.PNG,TAISFF042300002.mov,,,,,,,,,
314,TAISFF042300003,TAI,SFF,164,71,Original Love,NULL,0423,00003,,Taisho Sanshoku,Female,Apr 2022,1,Sakai Fish Farm,,45,,,PIETH,,470000,,,TAISFF042300003.PNG,TAISFF042300003.mov,,,,,,,,,
315,TAI SFF042300004,TAI ,SFF,NULL,71,Beauty Japan,NULL,0423,00004,,Taisho Sanshoku,Female,Apr 2022,2,Sakai Fish Farm,,43,,,PIETH,,1100000,,,TAI SFF042300004.PNG,TAI SFF042300004.mov,,,,,,,,,
316,DSASHK112300001,DSA,SHK,30,72,,NULL,1123,00001,,Doitsu Sanke,Unknown,Nov 2021,2,Shinoda Koi Farm,,,,,PIETH,,,,,DSASHK112300001.JPG,DSASHK112300001.MP4,,,,,,,,,
317,SANSFF032300001,SAN,SFF,150,71,Miss Manchester,NULL,0323,00001,,Sanke,Unknown,Mar 2022,1,Sakai Fish Farm,,20,,,PIETH,,,,,SANSFF032300001.PNG,,,,,,,,,,
318,TSASFF102300001,TSA,SFF,173,71,Garuda,NULL,1023,00001,,Tancho Sanke,Female,Oct 2020,3,Sakai Fish Farm,,72,,,PIETH,,3700000,,,TSASFF102300001.jpg,TSASFF102300001.mov,,,,,,,,,
319,KAUSFF022300001,KAU,SFF,97,71,,NULL,0223,00001,,Kohaku,Unknown,,,Sakai Fish Farm,,,,,PIETH,,,,,KAUSFF022300001.JPG,KAUSFF022300001.MP4,,,,,,,,,
320,SHSSFF022300001,SHS,SFF,157,71,,NULL,0223,00001,,Showa Sansoku,Unknown,,,Sakai Fish Farm,,,,,PIETH,,,,,SHSSFF022300001.JPG,SHSSFF022300001.MP4,,,,,,,,,
321,TSHISA032300001,TSH,ISA,175,16,,NULL,0323,00001,,Tancho Showa,Unknown,Mar 2022,1,ISA Koi Farm,,27,,,PIETH,,100000,,,TSHISA032300001.PNG,TSHISA032300001.mov,,,,,,,,,
322,TSHISA032300002,TSH,ISA,175,16,,NULL,0323,00002,,Tancho Showa,Unknown,Mar 2022,1,ISA Koi Farm,,35,,,PIETH,,,,,TSHISA032300002.PNG,TSHISA032300002.mov,,,,,,,,,
323,SHSISA042300001,SHS,ISA,157,16,,NULL,0423,00001,,Showa Sansoku,Unknown,Apr 2022,1,ISA Koi Farm,,,,,PIETH,,320000,,,SHSISA042300001.PNG,SHSISA042300001.mov,,,,,,,,,
324,SHOISA032300001,SHO,ISA,155,16,,NULL,0323,00001,,Showa,Unknown,Mar 2022,1,ISA Koi Farm,,,,,PIETH,,,,,SHOISA032300001.jpg,SHOISA032300001.MP4,,,,,,,,,
325,KAUISA022300001,KAU,ISA,97,16,,NULL,0223,00001,,Kohaku,Unknown,Feb 2021,2,ISA Koi Farm,,,,,PIETH,,,,,KAUISA022300001.JPG,KAUISA022300001.MP4,,,,,,,,,
326,SANISA022300001,SAN,ISA,150,16,,NULL,0223,00001,,Sanke,Unknown,Feb 2021,2,ISA Koi Farm,,,,,PIETH,,,,,SANISA022300001.JPG,SANISA022300001.MP4,,,,,,,,,
327,SANSFF122300001,SAN,SFF,150,71,Miss Kyoto,NULL,1223,00001,,Sanke,Unknown,Dec 2022,1,Sakai Fish Farm,,25,,,PIETH,,970000,,,SANSFF122300001.PNG,SANSFF122300001.mov,,,,,,,,,
328,SANSFF122300002,SAN,SFF,150,71,Miss Monaco,5,1223,00002,,Sanke,Unknown,Dec 2022,1,Sakai Fish Farm,,17,,,PIETH,,620000,,,SANSFF122300002.JPG,SANSFF122300002.mov,,,,,,,,,
329,SANSFF122300003,SAN,SFF,150,71,Miss California,NULL,1223,00003,,Sanke,Unknown,Dec 2022,1,Sakai Fish Farm,,16,,,PIETH,,350000,,,SANSFF122300003.PNG,SANSFF122300003.mov,,,,,,,,,
330,KAUSFF122300001,KAU,SFF,97,71,Mandarin,NULL,1223,00001,,Kohaku,Unknown,Dec 2022,1,Sakai Fish Farm,,17,,,PIETH,,220000,,,KAUSFF122300001.JPG,KAUSFF122300001.mov,,,,,,,,,
331,KAUSFF122300002,KAU,SFF,97,71,Bonita,NULL,1223,00002,,Kohaku,Unknown,Dec 2022,1,Sakai Fish Farm,,18,,,PIETH,,240000,,,KAUSFF122300002.JPG,KAUSFF122300002.MP4,,,,,,,,,
332,KAUSFF122300003,KAU,SFF,97,71,Miss Kyoto,NULL,1223,00003,,Kohaku,Unknown,Dec 2022,1,Sakai Fish Farm,,19,,,PIETH,,170000,,,KAUSFF122300003.PNG,KAUSFF122300003.MP4,,,,,,,,,
333,TAISFF042300002,TAI,SFF,164,71,Emerald,NULL,0423,00002,,Taisho Sanshoku,Female,Apr 2022,1,Sakai Fish Farm,,46,,,PIETH,,1100000,,,TAISFF042300002.PNG,TAISFF042300002.mov,,,,,,,,,
334,SANSFF042300001,SAN,SFF,150,71,Beauty Japan,NULL,0423,00001,,Sanke,Female,Apr 2022,1,Sakai Fish Farm,,45,,,PIETH,,1500000,,,SANSFF042300001.PNG,SANSFF042300001.mov,,,,,,,,,
335,TSASFF042300002,TSA,SFF,173,71,Silk Sonic,NULL,0423,00002,,Tancho Sanke,Female,Apr 2022,1,Sakai Fish Farm,,38,,,PIETH,,960000,,,TSASFF042300002.PNG,TSASFF042300002.mov,,,,,,,,,
336,TANSFF042300002,TAN,SFF,165,71,Lily,7,0423,00002,,Tancho,Female,Apr 2022,1,Sakai Fish Farm,,44,,,PIETH,,710000,,,TAISFF042300002.PNG,TANSFF042300002.mov,,,,,,,,,
337,KAUSFF042300002,KAU,SFF,97,71,Puple Rain,NULL,0423,00002,,Kohaku,Female,Apr 2022,1,Sakai Fish Farm,,44,,,PIETH,,100000,,,KAUSFF042300002.PNG,KAUSFF042300002.mov,,,,,,,,,
338,GSAMNC032300001,GSA,MNC,61,93,,NULL,0323,00001,,Ginrin Sanke,Female,Mar 2021,2,Matsue Nishikigoi Center, ,50,,,PIETH,,81000,,,GSAMNC032300001.jpg,GSAMNC032300001.mov,,,,,,,,,
339,GSIXXX032300001,GSI,XXX,63,NULL,,NULL,0323,00001,,Ginrin Shiroutsuri,Female,Mar 2021,2,,,52,,,PIETH,,253000,,,GSIXXX032300001.jpg,GSIXXX032300001.mov,,,,,,,,,
340,THOOMK032300001,THO,OMK,NULL,62,,NULL,0323,00001,,Tancho Kohaku,Female,Mar2022,2,Okayama Momotaro Koi, ,48,,,PIETH,,205000,,,THOOMK032300001.jpg,THOOMK032300001.mov,,,,,,,,,
341,SAN MNC032300001,SAN ,MNC,NULL,93,,NULL,0323,00001,,Sanke,Female,Mar 2022,1,Matsue Nishikigoi Center, ,33,,,PIETH,,30000,,,SAN MNC032300001.jpg,SAN MNC032300001.mov,,,,,,,,,
342,KAUOMK032300001,KAU,OMK,97,62,,NULL,0323,00001,,Kohaku,Unknown,Mar 2022,1,Okayama Momotaro Koi, ,,,,PIETH,,120000,,,KAUOMK032300001.jpg,KAUOMK032300001.mov,,,,,,,,,
343,KAUMAY042300001,KAU,MAY,97,38,,NULL,0423,00001,,Kohaku,Unknown,,,Maruyama Koi Farm, ,,,,PIETH,,,,,KAUMAY042300001.JPG,KAUMAY042300001.MP4,,,,,,,,,
344,TKUKKV032300001,TKU,KKV,171,NULL,,NULL,0323,00001,,Tancho Kujyaku,Unknown,,,Kaneko Koi Farm,,,,,PIETH,,,,,TKUKKV032300001.JPG,TKUKKV032300001.MP4,,,,,,,,,
345,SANMAR042300001,SAN,MAR,150,37,,NULL,0423,00001,,Sanke,Unknown,Apr 2022,1,Marudo Koi Farm,,,,,PIETH,,,,,SANMAR042300001.JPG,SANMAR042300001.MP4,,,,,,,,,
346,GOIOYA112300001,GOI,OYA,74,94,,NULL,1123,00001,,Goshiki,Unknown,Nov 2021,2,OYAMA Koi Farm,,,,,PIETH,,,,,GOIOYA112300001.JPG,GOIOYA112300001.MP4,,,,,,,,,
347,SHUOYA112300001,SHU,OYA,159,94,,NULL,1123,00001,,Shusui,Unknown,Nov 2021,2,OYAMA Koi Farm,Nov 2023,,,,PIETH,,,,,SHUOYA112300001.JPG,SHUOYA112300001.MP4,,,,,,,,,
348,GOAOYA102300001,GOA,OYA,55,94,,NULL,1023,00001,,Ginrin Ochiba,Female,Oct 2021,2,OYAMA Koi Farm,Oct 2023,63,,,PIETH,,510000,,,GOAOYA102300001.JPG,GOAOYA102300001.MP4,,,,,,,,,
349,ARAOYA012300001,ARA,OYA,180,94,,NULL,0123,00001,,Aragoke,Unknown,,2,OYAMA Koi Farm,Oct 2023,,,,PIETH,,,,,ARAOYA012300001.JPG,,,,,,,,,,
350,OCHOZI102300001,OCH,OZI,137,66,,NULL,1023,00001,,Ochiba Shigure,Unknown,,,Ozumi Ikarashi Koi Farm,Oct 2023,,,,PIETH,,,,,,OCHOZI102300001.MP4,,,,,,,,,
351,TSASFF042300001,TSA,SFF,173,71,Dragon Ball,NULL,0423,00001,,Tancho Sanke,Female,,,Sakai Fish Farm,Apr 2023,42,,,PIETH,,350000,,,TSASFF042300001.JPG,TSASFF042300001.mov,,,,,,,,,
352,SHOIKF042300001,SHO,IKF,155,13,,NULL,0423,00001,,Showa,Unknown,Apr 2022,1,ISA Koi Farm,Apr 2023,31,,,PIETH,,500000,,,SHOIKF042300001.PNG,SHOIKF042300001.mov,,,,,,,,,
353,SHOIKF042300002,SHO,IKF,155,13,,NULL,0423,00002,,Showa,Unknown,Apr 2022,1,ISA Koi Farm,Apr 2023,34,,,PIETH,,250000,,,SHOIKF042300002.PNG,SHOIKF042300002.mov,,,,,,,,,
354,KAUODA042300001,KAU,ODA,97,95,,NULL,0423,00001,,Kohaku,Male,,,Odakan Koi Farm,Apr 2023,32,,,PIETH,,300000,,,KAUODA042300001\.PNG,KAUODA042300001.mov,,,,,,,,,
355,KAUODA042300002,KAU,ODA,97,95,,NULL,0423,00002,,Kohaku,Male,,,Odakan Koi Farm,Apr 2023,37,,,PIETH,,800000,,,KAUODA042300002.png,,,,,,,,,,
356,SANODA042300001,SAN,ODA,150,95,Dragon Ball,NULL,0423,00001,,Sanke,Female,,,Odakan Koi Farm,Apr 2023,43,,,PIETH,,700000,,,SANODA042300001.PNG,SANODA042300001.mov,,,,,,,,,
357,SANODA042300002,SAN,ODA,150,95,Dragon Ball,NULL,0423,00002,,Sanke,Female,,,Odakan Koi Farm,Apr 2023,39,,,PIETH,,500000,,,SANODA042300002.png,SANODA042300002.mov,,,,,,,,,
358,SANMOK122300001,SAN,MOK,150,47,,NULL,1223,00001,,Sanke,Unknown,,,Momotaro Koi ,Dec 2023,17,,,PIETH,,100000,,,SANMOK122300001.PNG,,,,,,,,,,
359,KAUMAF122300001,KAU,MAF,97,96,Hakuto,NULL,1223,00001,,Kohaku,Unknown,,,Matsue Farm,Dec 2023,21,,,PIETH,,100000,,,KAUMAF122300001.PNG,,,,,,,,,,
360,SANMAF122300001,SAN,MAF,150,96,Tsukishima,NULL,1223,00001,,Sanke,Unknown,,,Matsue Farm,Dec 2023,18,,,PIETH,,100000,,,SANMAF122300001.PNG,,,,,,,,,,
361,SANMAF122300002,SAN,MAF,150,96,Tsukishima,NULL,1223,00002,,Sanke,Unknown,,,Matsue Farm,Dec 2023,19,,,PIETH,,50000,,,SANMAF122300002.PNG,,,,,,,,,,
362,SANMAF122300003,SAN,MAF,150,96,Tsukishima,NULL,1223,00003,,Sanke,Unknown,,,Matsue Farm,Dec 2023,20,,,PIETH,,20000,,,SANMAF122300003.PNG,,,,,,,,,,
363,SANMAF122300004,SAN,MAF,150,96,Ginga,NULL,1223,00004,,Sanke,Unknown,,,Matsue Farm,Dec 2023,17,,,PIETH,,50000,,,SANMAF122300004.PNG,,,,,,,,,,
364,SHADKF122300001,SHA,DKF,NULL,3,Monroe,14,1223,00001,,Showa,Unknown,,,Dainichi Koi Farm,Dec 2023,19,,,PIETH,,50000,,,SHADKF122300001.PNG,,,,,,,,,,
365,SHADKF122300002,SHA,DKF,NULL,3,SuperMonster,10,1223,00002,,Showa,Unknown,,,Dainichi Koi Farm,Dec 2023,17,,,PIETH,,50000,,,SHADKF122300002.PNG,,,,,,,,,,
366,SUTOMF122300001,SUT,OMF,153,61,,NULL,1223,00001,,Shiroutsuri,Unknown,,,Omosako Koi Farm,Dec 2023,21,,,PIETH,,50000,,,SUTOMF122300001.PNG,,,,,,,,,,
367,SUTOMF122300002,SUT,OMF,153,61,,NULL,1223,00002,,Shiroutsuri,Unknown,,,Omosako Koi Farm,Dec 2023,22,,,PIETH,,30000,,,SUTOMF122300002.PNG,,,,,,,,,,
368,KAUSFF122300004,KAU,SFF,97,71,Miss Milano,NULL,1223,00004,,Kohaku,Unknown,,,Sakai Fish Farm,Dec 2023,24,,,PIETH,,100000,,,KAUSFF122300004.PNG,,,,,,,,,,
369,KAUSFF122300005,KAU,SFF,97,71,Shangrila,NULL,1223,00005,,Kohaku,Unknown,,,Sakai Fish Farm,Dec 2023,25,,,PIETH,,100000,,,KAUSFF122300005.PNG,,,,,,,,,,
370,SANSFF122300004,SAN,SFF,150,71,Miss Kyoto,NULL,1223,00004,,Sanke,Unknown,,,Sakai Fish Farm,Dec 2023,23,,,PIETH,,100000,,,KAUSFF122300004.PNG,,,,,,,,,,
371,SANSFF122300005,SAN,SFF,150,71,Miss Milano,NULL,1223,00005,,Sanke,Unknown,,,Sakai Fish Farm,Dec 2023,24,,,PIETH,,100000,,,SANSFF122300005.PNG,,,,,,,,,,
372,KAUSFF122300006,KAU,SFF,97,71,Miss Milano,NULL,1223,00006,,Kohaku,Unknown,,,Sakai Fish Farm,Dec 2023,25,,,PIETH,,100000,,,SANSFF122300005.PNG,,,,,,,,,,
373,SHAIKF122300001,SHA,IKF,NULL,13,,NULL,1223,00001,,Showa,Unknown,,,ISA Koi Farm,Dec 2023,21,,,PIETH,,100000,,,SHAIKF122300001.PNG,,,,,,,,,,
374,SHAIKF122300002,SHA,IKF,NULL,13,,NULL,1223,00002,,Showa,Unknown,,,ISA Koi Farm,Dec 2023,23,,,PIETH,,100000,,,SHAIKF122300002.PNG,,,,,,,,,,
375,SHAIKF122300003,SHA,IKF,NULL,13,,NULL,1223,00003,,Showa,Unknown,,,ISA Koi Farm,Dec 2023,21,,,PIETH,,50000,,,SHAIKF122300003.PNG,,,,,,,,,,
376,SANSFF122300006,SAN,SFF,150,71,Miss Milano,NULL,1223,00006,,Sanke,Unknown,,,Sakai Fish Farm,Dec 2023,24,,,PIETH,,100000,,,SANSFF122300006.PNG,,,,,,,,,,
377,KAUSFF122300007,KAU,SFF,97,71,Shangrila,NULL,1223,00007,,Kohaku,Unknown,,,Sakai Fish Farm,Dec 2023,25,,,PIETH,,50000,,,KAUSFF122300007.PNG,,,,,,,,,,
378,SANSFF122300007,SAN,SFF,150,71,Emerald,NULL,1223,00007,,Sanke,Unknown,,,Sakai Fish Farm,Dec 2023,25,,,PIETH,,100000,,,SANSFF122300007.PNG,,,,,,,,,,
379,SANSFF122300008,SAN,SFF,150,71,Emerald,NULL,1223,00008,,Sanke,Unknown,,,Sakai Fish Farm,Dec 2023,25,,,PIETH,,50000,,,SANSFF122300008.PNG,,,,,,,,,,
380,SANSFF122300009,SAN,SFF,150,71,Phoenix,NULL,1223,00009,,Sanke,Unknown,,,Sakai Fish Farm,Dec 2023,22,,,PIETH,,50000,,,SANSFF122300009.PNG,,,,,,,,,,
381,KAUODA112300001,KAU,ODA,97,95,,NULL,1123,00001,,Kohaku,Female,,,Odakan Koi Farm,Nov 2023,52,,,PIETH,,500000,,,KAUODA112300001.PNG,KAUODA112300001.mov,,,,,,,,,
382,SANSFF122300010,SAN,SFF,150,71,Original Love,NULL,1223,00010,,Sanke,Unknown,,1,Sakai Fish Farm,Dec 2023,16,,,PIETH,,160000,,,,SANSFF122300010.mov,,,,,,,,,
383,KAUSFF122300008,KAU,SFF,97,71,Miss Milano,NULL,1223,00008,,Kohaku,Unknown,,1,Sakai Fish Farm,Dec 2023,,,,PIETH,,10000,,,KAUSFF122300008.PNG,KAUSFF122300008.mov,,,,,,,,,
384,KAUSFF122300009,KAU,SFF,97,71,Miss Milano,NULL,1223,00009,,Kohaku,Unknown,,1,Sakai Fish Farm,Dec 2023,,,,PIETH,,10000,,,KAUSFF122300009.JPG,,,,,,,,,,
385,KAUSFF122300010,KAU,SFF,97,71,Miss Milano,NULL,1223,00010,,Kohaku,Unknown,,1,Sakai Fish Farm,Dec 2023,,,,PIETH,,10000,,,KAUSFF122300010.JPG,,,,,,,,,,
386,KAUSFF122300011,KAU,SFF,97,71,Miss Milano,NULL,1223,00011,,Kohaku,Unknown,,1,Sakai Fish Farm,Dec 2023,,,,PIETH,,10000,,,KAUSFF122300011.JPG,,,,,,,,,,
387,KAUSFF122300012,KAU,SFF,97,71,Miss Milano,NULL,1223,00012,,Kohaku,Unknown,,1,Sakai Fish Farm,Dec 2023,,,,PIETH,,10000,,,KAUSFF122300012.JPG,,,,,,,,,,
388,TSASFF122300001,TSA,SFF,173,71,Miss Milano,NULL,1223,00001,,Tancho Sanke,Unknown,,1,Sakai Fish Farm,Dec 2023,,,,PIETH,,10000,,,TSASFF122300001.PNG,TSASFF122300001.mov,,,,,,,,,
389,TSASFF122300002,TSA,SFF,173,71,Miss Milano,NULL,1223,00002,,Tancho Sanke,Unknown,,1,Sakai Fish Farm,Dec 2023,,,,PIETH,,10000,,,TSASFF122300002.PNG,,,,,,,,,,
390,TSASFF122300003,TSA,SFF,173,71,Miss Milano,NULL,1223,00003,,Tancho Sanke,Unknown,,1,Sakai Fish Farm,Dec 2023,,,,PIETH,,10000,,,TSASFF122300003.PNG,,,,,,,,,,
391,TSASFF122300004,TSA,SFF,173,71,Miss Milano,NULL,1223,00004,,Tancho Sanke,Unknown,,1,Sakai Fish Farm,Dec 2023,,,,PIETH,,10000,,,TSASFF122300004.PNG,,,,,,,,,,
392,TSASFF122300005,TSA,SFF,173,71,Miss Milano,NULL,1223,00005,,Tancho Sanke,Unknown,,1,Sakai Fish Farm,Dec 2023,,,,PIETH,,10000,,,TSASFF122300005.JPG,,,,,,,,,,
393,ASITOY122300001,ASI,TOY,1,97,,NULL,1223,00001,,Asagi,Unknown,,2,Toyama Koi farm,Dec 2023,,,,PIETH,,,,,ASITOY122300001.JPG,ASITOY122300001.MP4,,,,,,,,,
394,SANXXX102300001,SAN,XXX,150,NULL,,NULL,1023,00001,,Sanke,Unknown,,2,,Oct 2023,,,,PIETH,,,,,,SANXXX102300001.MP4,,,,,,,,,
395,SANSFF122300011,SAN,SFF,150,71,Miss Milano,NULL,1223,00011,,Sanke,Unknown,,1,Sakai Fish Farm,Dec 2023,20,,,PIETH,,450000,,,SANSFF122300011.JPG,SANSFF122300011.mov,,,,,,,,,
396,SANSFF122300012,SAN,SFF,150,71,Miss Milano,NULL,1223,00012,,Sanke,Unknown,,1,Sakai Fish Farm,Dec 2023,16,,,PIETH,,500000,,,SANSFF122300012.PNG,SANSFF122300012.mov,,,,,,,,,
397,KAUSFF122300013,KAU,SFF,97,71,Miss Milano,NULL,1223,00013,,Kohaku,Unknown,,1,sakai Fish Farm,Dec 2023,16,,,PIETH,,190000,,,KAUSFF122300013.JPG,KAUSFF122300013.mov,,,,,,,,,
398,SANSFF122300013,SAN,SFF,150,71,Miss Milano,NULL,1223,00013,,Sanke,Unknown,,1,sakai Fish Farm,Dec 2023,17,,,PIETH,,250000,,,SANSFF122300013.JPG,SANSFF122300013.mov,,,,,,,,,
399,SANMNC122300001,SAN,MNC,150,93,,NULL,1223,00001,,Sanke,Unknown,,,Matsue Nishikigoi Center,Dec 2023,,,,PIETH,,,,,SANMNC122300001.JPG,SANMNC122300001.MP4,,,,,,,,,
400,GSAMNC112300001,GSA,MNC,61,93,Tsukishima,NULL,1123,00001,,Ginrin Sanke,Female,,2,Matsue Nishikigoi Center,Nov 2023,50,,,PIETH,,81000,,,GSAMNC112300001.jpg,GSAMNC112300001.mov,,,,,,,,,
401,SANMNC032300001,SAN,MNC,150,93,,NULL,0323,00001,,Sanke,Female,,1,Matsue Nishikigoi Center,Mar 2023,33,,,PIETH,,30000,,,SANMNC032300001.PNG,SANMNC032300001.mov,,,,,,,,,
402,SANMOK042300001,SAN,MOK,150,47,,NULL,0423,00001,,Sanke,Male,,1,Momotaro Koi,Apr 2023,33,,,PIETH,,100000,,,SANMOK042300001.PNG,SANMOK042300001.mov,,,,,,,,,
403,GKOMOK042300001,GKO,MOK,46,47,,NULL,0423,00001,,Ginrin Kohaku,Female,,1,Momotaro Koi,Apr 2023,31,,,PIETH,,50000,,,GKOMOK042300001.PNG,GKOMOK042300001.mov,,,,,,,,,
404,KAUMOK042300001,KAU,MOK,97,47,,NULL,0423,00001,,Kohaku,Female,,1,Momotaro Koi,Apr 2023,37,,,PIETH,,50000,,,KAUMOK042300001.PNG,KAUMOK042300001.mov,,,,,,,,,
405,KAUMOK112300001,KAU,MOK,97,47,,NULL,1123,00001,,Kohaku,Female,,2,Momotaro Koi,Nov 2023,57,,,PIETH,,,,,KAUMOK112300001.PNG,KAUMOK112300001.mov,,,,,,,,,
406,KAUMOK112300002,KAU,MOK,97,47,,NULL,1123,00002,,Kohaku,Female,,2,Momotaro Koi,Nov 2023,56,,,PIETH,,,,,KAUMOK112300002.jpg,KAUMOK112300002.mov,,,,,,,,,
407,KAUMOK112300003,KAU,MOK,97,47,,NULL,1123,00003,,Kohaku,Female,,2,Momotaro Koi,Nov 2023,55,,,PIETH,,,,,KAUMOK112300003.jpg,KAUMOK112300003.mov,,,,,,,,,
408,GSAMOK112300001,GSA,MOK,61,47,,NULL,1123,00001,,Ginrin Sanke,Unknown,,1,Momotaro Koi,Nov 2023,19,,,PIETH,,,,,GSAMOK112300001.jpg,GSAMOK112300001.mov,,,,,,,,,
409,KAUMOK112300004,KAU,MOK,97,47,,NULL,1123,00004,,Kohaku,Female,,2,Momotaro Koi,Nov 2023,55,,,PIETH,,,,,KAUMOK112300004.jpg,KAUMOK112300004.mov,,,,,,,,,
410,SANMOK122300002,SAN,MOK,150,47,,NULL,1223,00002,,Sanke,Unknown,,1,Momotaro Koi,Dec 2023,25,,,PIETH,,190000,,,SANMOK122300002.jpg,SANMOK122300002.mov,,,,,,,,,
411,SANMOK122300003,SAN,MOK,150,47,,NULL,1223,00003,,Sanke,Unknown,,1,Momotaro Koi,Dec 2023,21,,,PIETH,,450000,,,SANMOK122300003.jpg,SANMOK122300003.mov,,,,,,,,,
412,KAUMOK122300001,KAU,MOK,97,47,,NULL,1223,00001,,Kohaku,Unknown,,1,Momotaro Koi,Dec 2023,23,,,PIETH,,150000,,,KAUMOK122300001.PNG,KAUMOK122300001.mov,,,,,,,,,
413,KAUMOK102300001,KAU,MOK,97,47,,NULL,1023,00001,,Kohaku,Female,,2,Momotaro Koi,Oct 2023,51,,,PIETH,,,,,KAUMOK102300001.PNG,KAUMOK102300001.mov,,,,,,,,,
414,KAUMOK102300002,KAU,MOK,97,47,,NULL,1023,00002,,Kohaku,Female,,2,Momotaro Koi,Oct 2023,57,,,PIETH,,,,,KAUMOK102300002.PNG,KAUMOK102300002.MP4,,,,,,,,,
415,TKOMOK102300001,TKO,MOK,170,47,,NULL,1023,00001,,Tancho Kohaku,Female,,2,Momotaro Koi,Oct 2023,52,,,PIETH,,,,,TKOMOK102300001.jpg,TKOMOK102300001.MP4,,,,,,,,,
416,GKOMOK032300001,GKO,MOK,46,47,,NULL,0323,00001,,Ginrin Kohaku,Male,,,Momotaro Koi,Mar 2023,,,,PIETH,,,,,GKOMOK032300001.JPG,GKOMOK032300001.MOV,,,,,,,,,
417,KAUMOK052300001,KAU,MOK,97,47,,NULL,0523,00001,,Kohaku,Female,,1,Momotaro Koi,May 2023,41,,,PIETH,,,,,KAUMOK052300001.PNG,KAUMOK052300001.mov,,,,,,,,,
418,KAUMOK052300002,KAU,MOK,97,47,,NULL,0523,00002,,Kohaku,Female,,1,Momotaro Koi,May 2023,37,,,PIETH,,,,,KAUMOK052300002.PNG,KAUMOK052300002.mov,,,,,,,,,
419,KAUMOK052300003,KAU,MOK,97,47,,NULL,0523,00003,,Kohaku,Female,,1,Momotaro Koi,May 2023,40,,,PIETH,,,,,KAUMOK052300003.PNG,KAUMOK052300003.mov,,,,,,,,,
420,TANOMK112300001,TAN,OMK,165,62,,NULL,1123,00001,,Tancho,Unknown,,,Okayama Momotaro Koi,Nov 2023,,,,PIETH,,,,,TANOMK112300001.jpg,TANOMK112300001.mov,,,,,,,,,
421,KAUMOK112300004,KAU,MOK,97,47,,NULL,1123,00004,,Kohaku,Unknown,,,Momotaro Koi,Nov 2023,,,,PIETH,,,,,,KAUMOK112300004.MP4,,,,,,,,,
422,KAUMOK022300001,KAU,MOK,97,47,,NULL,0223,00001,,Kohaku,Unknown,,,Momotaro Koi,Feb 2023,,,,PIETH,,,,,,KAUMOK022300001.MP4,,,,,,,,,
423,GOOMOK022300001,GOO,MOK,73,47,,NULL,0223,00001,,Goromo,Unknown,,,Momotaro Koi,Feb 2023,,,,PIETH,,,,,,GOOMOK022300001.MP4,,,,,,,,,
424,DSAMYA000000001,DSA,MYA,30,52,,NULL,0000,00001,,Doitsu Sanke,Unknown,,,Miyatora Koi Farm,,,,,PIETH,,,,,DSAMYA000000001.jpg,DSAMYA000000001.MOV,,,,,,,,,
425,GMAIKF112300001,GMA,IKF,34,13,,NULL,1123,00001,,Ginrin Matsukawabake,Unknown,,2,Igarashi Koi Farm,Nov 2023,,,,PIETH,,,,,GMAIKF112300001.JPG,GMAIKF112300001.MP4,,,,,,,,,
426,HUTIKF112300001,HUT,IKF,85,13,,NULL,1123,00001,,Hikari Utsurimono,Unknown,,2,Igarashi Koi Farm,Nov 2023,,,,PIETH,,,,,HUTIKF112300001.jpg,HUTIKF112300001.MP4,,,,,,,,,
427,BKUIKF032300001,BKU,IKF,13,13,,NULL,0323,00001,,Beni Kumonryu,Unknown,,1,Igarashi Koi Farm,Mar 2023,27,,,PIETH,,75000,,,BKUIKF032300001.PNG,BKUIKF032300001.mov,,,,,,,,,
428,DOOIKF032300001,DOO,IKF,28,13,,NULL,0323,00001,,Doitsu Ochiba,Unknown,,1,Igarashi Koi Farm,Mar 2023,33,,,PIETH,,,,,,DOOIKF032300001.mov,,,,,,,,,
429,GOAIKF032300001,GOA,IKF,55,13,,NULL,0323,00001,,Ginrin Ochiba,Unknown,,1,Igarashi Koi Farm,Mar 2023,33,,,PIETH,,,,,GOAIKF032300001.png,,,,,,,,,,
430,TSHNIS032300001,TSH,NIS,175,98,,NULL,0323,00001,,Tancho Showa,Unknown,,1,Nishikigoi Koi Farm,Mar 2023,,,,PIETH,,,,,TSHNIS032300001.PNG,TSHNIS032300001.mov,,,,,,,,,
431,GDKIKF112300001,GDK,IKF,181,13,,NULL,1123,00001,,Ginrin Doitsu Kogane Ochiba,Unknown,,2,Igarashi Koi Farm,Nov 2023,,,,PIETH,,,,,GDKIKF112300001.JPG,GDKIKF112300001.MP4,,,,,,,,,
432,ASINGT112300001,ASI,NGT,1,99,,NULL,1123,00001,,Asagi,Female,,,Niigata,Nov 2023,62,,,PIETH,,,,,ASINGT112300001.jpg,ASINGT112300001.mov,,,,,,,,,
433,KYANGT112300001,KYA,NGT,91,99,,NULL,1123,00001,,Kanoko Yuki Asagi,Female,,,Niigata,Nov 2023,60,,,PIETH,,,,,KYANGT112300001.jpg,KYANGT112300001.mov,,,,,,,,,
434,TKUNGT112300001,TKU,NGT,171,99,,NULL,1123,00001,,Tancho Kujyaku,Female,,,Niigata,Nov 2023,57,,,PIETH,,,,,TKUNGT112300001.jpg,TKUNGT112300001.mov,,,,,,,,,
435,KRSNGT112300001,KRS,NGT,182,99,,NULL,1123,00001,,Karashi Shigure,Female,,,Niigata,Nov 2023,77,,,PIETH,,,,,KRSNGT112300001.PNG,KRSNGT112300001.mov,,,,,,,,,
436,DSHNGT112300001,DSH,NGT,32,99,,NULL,1123,00001,,Doitsu Showa,Female,,,Niigata,Nov 2023,59,,,PIETH,,,,,DSHNGT112300001.PNG,DSHNGT112300001.MP4,,,,,,,,,
437,DOSNGT032300001,DOS,NGT,183,99,,NULL,0323,00001,,Doitsu Sanshoku,Unknown,,1,Niigata,Mar 2023,14-17,,,PIETH,,,,,DOSNGT032300001.png,DOSNGT032300001.mov,,,,,,,,,
438,DOSNGT032300002,DOS,NGT,183,99,,NULL,0323,00002,,Doitsu Sanshoku,Unknown,,1,Niigata,Mar 2023,14-17,,,PIETH,,,,,DOSNGT032300002.png,DOSNGT032300002.mov,,,,,,,,,
439,DOSNGT032300003,DOS,NGT,183,99,,NULL,0323,00003,,Doitsu Sanshoku,Unknown,,1,Niigata,Mar 2023,14-17,,,PIETH,,,,,DOSNGT032300003.png,DOSNGT032300003.mov,,,,,,,,,
440,DOSNGT032300004,DOS,NGT,183,99,,NULL,0323,00004,,Doitsu Sanshoku,Unknown,,1,Niigata,Mar 2023,14-17,,,PIETH,,,,,DOSNGT032300004.png,DOSNGT032300004.mov,,,,,,,,,
441,DOSNGT032300005,DOS,NGT,183,99,,NULL,0323,00005,,Doitsu Sanshoku,Unknown,,1,Niigata,Mar 2023,14-17,,,PIETH,,,,,DOSNGT032300005.png,DOSNGT032300005.mov,,,,,,,,,
442,SHSNGT032300001,SHS,NGT,157,99,,NULL,0323,00001,,Showa Sansoku,Unknown,,1,Niigata,Mar 2023,28,,,PIETH,,100000,,,SHSNGT032300001.png,,,,,,,,,,
443,SHSNGT032300002,SHS,NGT,157,99,,NULL,0323,00002,,Showa Sansoku,Unknown,,1,Niigata,Mar 2023,34,,,PIETH,,100000,,,SHSNGT032300002.png,,,,,,,,,,
444,SHSNGT032300003,SHS,NGT,157,99,,NULL,0323,00003,,Showa Sansoku,Unknown,,1,Niigata,Mar 2023,29,,,PIETH,,100000,,,SHSNGT032300003.png,,,,,,,,,,
445,SHSNGT032300004,SHS,NGT,157,99,,NULL,0323,00004,,Showa Sansoku,Unknown,,1,Niigata,Mar 2023,34,,,PIETH,,100000,,,SHSNGT032300004.png,,,,,,,,,,
446,SANSFF000000002,SAN,SFF,150,71,,NULL,0000,00002,,Sanke,Unknown,,,Sakai Fish Farm,,,,,OYAGOI,,,,,SANSFF000000002.jpg,SANSFF000000002.MP4,,,,,,,,,
447,SHASFF000000001,SHA,SFF,NULL,71,,NULL,0000,00001,,Showa,Unknown,,,Sakai Fish Farm,,,,,OYAGOI,,,,,SHASFF000000001.jpg,SHASFF000000001.MP4,,,,,,,,,
448,SANSFF000000003,SAN,SFF,150,71,,NULL,0000,00003,,Sanke,Unknown,,,Sakai Fish Farm,,,,,OYAGOI,,,,,SANSFF000000003.JPG,,,,,,,,,,
449,GSWDKF000000001,GSW,DKF,64,3,,NULL,0000,00001,,Ginrin Showa,Unknown,,,Dainichi Koi Farm,,,,,OYAGOI,,,,,GSWDKF000000001.JPG,GSWDKF000000001.MP4,,,,,,,,,
450,SANIKF000000001,SAN,IKF,150,13,,NULL,0000,00001,,Sanke,Unknown,,,Isa Koi Farm,,,,,OYAGOI,,,,,SANIKF000000001.JPG,SANIKF000000001.MP4,,,,,,,,,
451,SHSIKF000000001,SHS,IKF,157,13,,NULL,0000,00001,,Showa Sansoku,Unknown,,,Isa Koi Farm,,,,,OYAGOI,,,,,SHSIKF000000001.JPG,SHSIKF000000001.MP4,,,,,,,,,
452,SANMNF000000001,SAN,MNF,150,45,,NULL,0000,00001,,Sanke,Unknown,,,Matsue Nishikigoi Farm,,,,,OYAGOI,,,,,SANMNF000000001.JPG,SANMNF000000001.MP4,,,,,,,,,
453,SHSMYA000000001,SHS,MYA,157,52,,NULL,0000,00001,,Showa Sansoku,Unknown,,,Miyatora Koi Farm,,,,,OYAGOI,,,,,SHSMYA000000001.JPG,SHSMYA000000001.MOV,,,,,,,,,
454,KAUMOK000000003,KAU,MOK,97,47,,NULL,0000,00003,,Kohaku,Unknown,,,Momotaro-Koi,,,,,OYAGOI,,,,,KAUMOK000000003.JPG,KAUMOK000000003.MP4,,,,,,,,,
455,SANSCK000000001,SAN,SCK,150,100,,NULL,0000,00001,,Sanke,Unknown,,,Sakai Co Koi Farm,,,,,OYAGOI,,,,,SANSCK000000001.JPG,SANSCK000000001.MP4,,,,,,,,,
456,SHSSHK000000001,SHS,SHK,157,72,,NULL,0000,00001,,Showa Sansoku,Unknown,,,Shinoda Koi Farm,,,,,OYAGOI,,,,,,SHSSHK000000001.MP4,,,,,,,,,